sample_key,prediction_source,mpjpe_mm,root_aligned_mpjpe_mm,pa_mpjpe_mm
test/downtown_arguing_00/p00/f00000,<private_workspace>/m1/outputs/predictions/sam3db_3dpw_test_stride50,364.891814,76.227628,33.654155
test/downtown_arguing_00/p00/f00050,<private_workspace>/m1/outputs/predictions/sam3db_3dpw_test_stride50,346.067904,81.150132,35.495600
test/downtown_arguing_00/p00/f00100,<private_workspace>/m1/outputs/predictions/sam3db_3dpw_test_stride50,403.051962,84.582740,41.072817
test/downtown_arguing_00/p00/f00150,<private_workspace>/m1/outputs/predictions/sam3db_3dpw_test_stride50,371.201689,84.662035,31.223483
test/downtown_arguing_00/p00/f00200,<private_workspace>/m1/outputs/predictions/sam3db_3dpw_test_stride50,335.475649,79.101795,30.745346
test/downtown_arguing_00/p00/f00250,<private_workspace>/m1/outputs/predictions/sam3db_3dpw_test_stride50,388.588059,77.775136,36.482617
test/downtown_arguing_00/p00/f00300,<private_workspace>/m1/outputs/predictions/sam3db_3dpw_test_stride50,375.550277,122.548048,86.356925
test/downtown_arguing_00/p00/f00350,<private_workspace>/m1/outputs/predictions/sam3db_3dpw_test_stride50,320.396350,87.218584,35.936699
test/downtown_arguing_00/p00/f00400,<private_workspace>/m1/outputs/predictions/sam3db_3dpw_test_stride50,355.947475,89.316153,33.614197
test/downtown_arguing_00/p00/f00450,<private_workspace>/m1/outputs/predictions/sam3db_3dpw_test_stride50,352.461999,86.179512,42.474490
test/downtown_arguing_00/p00/f00500,<private_workspace>/m1/outputs/predictions/sam3db_3dpw_test_stride50,362.376674,86.065312,40.218803
test/downtown_arguing_00/p00/f00550,<private_workspace>/m1/outputs/predictions/sam3db_3dpw_test_stride50,373.976636,96.692445,47.347820
test/downtown_arguing_00/p00/f00600,<private_workspace>/m1/outputs/predictions/sam3db_3dpw_test_stride50,456.406700,87.609052,38.420761
test/downtown_arguing_00/p00/f00650,<private_workspace>/m1/outputs/predictions/sam3db_3dpw_test_stride50,373.536867,83.557588,31.480521
test/downtown_arguing_00/p00/f00700,<private_workspace>/m1/outputs/predictions/sam3db_3dpw_test_stride50,367.090396,95.905014,42.221123
test/downtown_arguing_00/p00/f00750,<private_workspace>/m1/outputs/predictions/sam3db_3dpw_test_stride50,380.951074,83.355638,34.762811
test/downtown_arguing_00/p00/f00800,<private_workspace>/m1/outputs/predictions/sam3db_3dpw_test_stride50,467.814491,92.874930,45.084748
test/downtown_arguing_00/p00/f00850,<private_workspace>/m1/outputs/predictions/sam3db_3dpw_test_stride50,575.607475,94.000529,40.230636
test/downtown_arguing_00/p01/f00000,<private_workspace>/m1/outputs/predictions/sam3db_3dpw_test_stride50,495.656400,69.239285,39.232906
test/downtown_arguing_00/p01/f00050,<private_workspace>/m1/outputs/predictions/sam3db_3dpw_test_stride50,435.790563,69.319094,37.299130
test/downtown_arguing_00/p01/f00100,<private_workspace>/m1/outputs/predictions/sam3db_3dpw_test_stride50,418.838343,71.269376,32.925477
test/downtown_arguing_00/p01/f00150,<private_workspace>/m1/outputs/predictions/sam3db_3dpw_test_stride50,386.930488,67.040465,31.842892
test/downtown_arguing_00/p01/f00200,<private_workspace>/m1/outputs/predictions/sam3db_3dpw_test_stride50,396.419865,68.584423,41.327264
test/downtown_arguing_00/p01/f00250,<private_workspace>/m1/outputs/predictions/sam3db_3dpw_test_stride50,394.963932,72.311508,47.182752
test/downtown_arguing_00/p01/f00300,<private_workspace>/m1/outputs/predictions/sam3db_3dpw_test_stride50,517.966475,86.307352,49.671586
test/downtown_arguing_00/p01/f00350,<private_workspace>/m1/outputs/predictions/sam3db_3dpw_test_stride50,468.764657,71.966009,31.989539
test/downtown_arguing_00/p01/f00400,<private_workspace>/m1/outputs/predictions/sam3db_3dpw_test_stride50,513.150480,71.935675,35.905401
test/downtown_arguing_00/p01/f00450,<private_workspace>/m1/outputs/predictions/sam3db_3dpw_test_stride50,429.460287,72.761081,44.580521
test/downtown_arguing_00/p01/f00500,<private_workspace>/m1/outputs/predictions/sam3db_3dpw_test_stride50,451.342782,67.394433,35.842849
test/downtown_arguing_00/p01/f00550,<private_workspace>/m1/outputs/predictions/sam3db_3dpw_test_stride50,460.073014,85.061487,43.554090
test/downtown_arguing_00/p01/f00600,<private_workspace>/m1/outputs/predictions/sam3db_3dpw_test_stride50,433.113979,97.114133,70.183758
test/downtown_arguing_00/p01/f00650,<private_workspace>/m1/outputs/predictions/sam3db_3dpw_test_stride50,410.412769,91.242509,41.826519
test/downtown_arguing_00/p01/f00700,<private_workspace>/m1/outputs/predictions/sam3db_3dpw_test_stride50,444.281571,74.433123,32.421096
test/downtown_arguing_00/p01/f00750,<private_workspace>/m1/outputs/predictions/sam3db_3dpw_test_stride50,574.423901,83.876047,37.764109
test/downtown_arguing_00/p01/f00800,<private_workspace>/m1/outputs/predictions/sam3db_3dpw_test_stride50,562.917462,74.316991,39.955562
test/downtown_arguing_00/p01/f00850,<private_workspace>/m1/outputs/predictions/sam3db_3dpw_test_stride50,910.916072,68.757517,35.822130
test/downtown_bar_00/p00/f00000,<private_workspace>/m1/outputs/predictions/sam3db_3dpw_test_stride50,263.159197,92.012363,35.629966
test/downtown_bar_00/p00/f00050,<private_workspace>/m1/outputs/predictions/sam3db_3dpw_test_stride50,275.322153,97.310028,39.535979
test/downtown_bar_00/p00/f00100,<private_workspace>/m1/outputs/predictions/sam3db_3dpw_test_stride50,316.442682,116.482345,55.136633
test/downtown_bar_00/p00/f00200,<private_workspace>/m1/outputs/predictions/sam3db_3dpw_test_stride50,238.700529,89.209040,39.377904
test/downtown_bar_00/p00/f00250,<private_workspace>/m1/outputs/predictions/sam3db_3dpw_test_stride50,201.650430,93.604740,37.996222
test/downtown_bar_00/p00/f00300,<private_workspace>/m1/outputs/predictions/sam3db_3dpw_test_stride50,185.895095,101.477743,52.692154
test/downtown_bar_00/p00/f00350,<private_workspace>/m1/outputs/predictions/sam3db_3dpw_test_stride50,233.306040,124.508329,72.359225
test/downtown_bar_00/p00/f00400,<private_workspace>/m1/outputs/predictions/sam3db_3dpw_test_stride50,294.657327,134.937267,63.199720
test/downtown_bar_00/p00/f00450,<private_workspace>/m1/outputs/predictions/sam3db_3dpw_test_stride50,264.487570,128.235444,69.481358
test/downtown_bar_00/p00/f00500,<private_workspace>/m1/outputs/predictions/sam3db_3dpw_test_stride50,274.558942,125.246712,58.512769
test/downtown_bar_00/p00/f00550,<private_workspace>/m1/outputs/predictions/sam3db_3dpw_test_stride50,255.243282,131.639510,78.296955
test/downtown_bar_00/p00/f00600,<private_workspace>/m1/outputs/predictions/sam3db_3dpw_test_stride50,229.688573,107.355181,65.360471
test/downtown_bar_00/p00/f00650,<private_workspace>/m1/outputs/predictions/sam3db_3dpw_test_stride50,309.683412,144.638664,93.477728
test/downtown_bar_00/p00/f00700,<private_workspace>/m1/outputs/predictions/sam3db_3dpw_test_stride50,323.897271,131.506217,78.484032
test/downtown_bar_00/p00/f00800,<private_workspace>/m1/outputs/predictions/sam3db_3dpw_test_stride50,257.795451,139.115219,85.885183
test/downtown_bar_00/p00/f00850,<private_workspace>/m1/outputs/predictions/sam3db_3dpw_test_stride50,316.291407,135.684294,86.049496
test/downtown_bar_00/p00/f00900,<private_workspace>/m1/outputs/predictions/sam3db_3dpw_test_stride50,357.622993,123.065784,71.676300
test/downtown_bar_00/p00/f00950,<private_workspace>/m1/outputs/predictions/sam3db_3dpw_test_stride50,238.879452,113.620217,67.138890
test/downtown_bar_00/p00/f01050,<private_workspace>/m1/outputs/predictions/sam3db_3dpw_test_stride50,231.405891,107.870682,47.759837
test/downtown_bar_00/p00/f01100,<private_workspace>/m1/outputs/predictions/sam3db_3dpw_test_stride50,188.121224,98.184911,42.694589
test/downtown_bar_00/p00/f01150,<private_workspace>/m1/outputs/predictions/sam3db_3dpw_test_stride50,181.849389,89.783157,40.358901
test/downtown_bar_00/p00/f01200,<private_workspace>/m1/outputs/predictions/sam3db_3dpw_test_stride50,223.991484,92.649058,44.717050
test/downtown_bar_00/p00/f01250,<private_workspace>/m1/outputs/predictions/sam3db_3dpw_test_stride50,170.570075,106.708000,47.754133
test/downtown_bar_00/p00/f01300,<private_workspace>/m1/outputs/predictions/sam3db_3dpw_test_stride50,249.795222,86.352746,42.948912
test/downtown_bar_00/p00/f01350,<private_workspace>/m1/outputs/predictions/sam3db_3dpw_test_stride50,209.276508,95.694819,41.008474
test/downtown_bar_00/p00/f01400,<private_workspace>/m1/outputs/predictions/sam3db_3dpw_test_stride50,191.257976,83.069074,35.436585
test/downtown_bar_00/p01/f00000,<private_workspace>/m1/outputs/predictions/sam3db_3dpw_test_stride50,430.932417,82.406786,44.182898
test/downtown_bar_00/p01/f00050,<private_workspace>/m1/outputs/predictions/sam3db_3dpw_test_stride50,124.387983,89.531349,57.121247
test/downtown_bar_00/p01/f00100,<private_workspace>/m1/outputs/predictions/sam3db_3dpw_test_stride50,199.637291,167.501114,112.981495
test/downtown_bar_00/p01/f00150,<private_workspace>/m1/outputs/predictions/sam3db_3dpw_test_stride50,413.294142,91.466024,49.108135
test/downtown_bar_00/p01/f00200,<private_workspace>/m1/outputs/predictions/sam3db_3dpw_test_stride50,316.943560,87.216360,39.030508
test/downtown_bar_00/p01/f00250,<private_workspace>/m1/outputs/predictions/sam3db_3dpw_test_stride50,188.270159,89.798898,48.213173
test/downtown_bar_00/p01/f00300,<private_workspace>/m1/outputs/predictions/sam3db_3dpw_test_stride50,282.685540,88.741450,49.052650
test/downtown_bar_00/p01/f00400,<private_workspace>/m1/outputs/predictions/sam3db_3dpw_test_stride50,336.483192,105.828089,75.329184
test/downtown_bar_00/p01/f00450,<private_workspace>/m1/outputs/predictions/sam3db_3dpw_test_stride50,325.614024,115.246435,65.878867
test/downtown_bar_00/p01/f00500,<private_workspace>/m1/outputs/predictions/sam3db_3dpw_test_stride50,278.046536,117.184672,66.307995
test/downtown_bar_00/p01/f00550,<private_workspace>/m1/outputs/predictions/sam3db_3dpw_test_stride50,315.197393,114.649049,68.303035
test/downtown_bar_00/p01/f00600,<private_workspace>/m1/outputs/predictions/sam3db_3dpw_test_stride50,321.210174,113.727853,74.038965
test/downtown_bar_00/p01/f00650,<private_workspace>/m1/outputs/predictions/sam3db_3dpw_test_stride50,296.223273,105.830385,71.444842
test/downtown_bar_00/p01/f00700,<private_workspace>/m1/outputs/predictions/sam3db_3dpw_test_stride50,325.761474,108.850305,69.209314
test/downtown_bar_00/p01/f00800,<private_workspace>/m1/outputs/predictions/sam3db_3dpw_test_stride50,218.160901,119.190135,63.358634
test/downtown_bar_00/p01/f00850,<private_workspace>/m1/outputs/predictions/sam3db_3dpw_test_stride50,346.683434,90.231169,45.147270
test/downtown_bar_00/p01/f00900,<private_workspace>/m1/outputs/predictions/sam3db_3dpw_test_stride50,294.426659,100.350169,68.485445
test/downtown_bar_00/p01/f00950,<private_workspace>/m1/outputs/predictions/sam3db_3dpw_test_stride50,290.640534,92.378070,51.768894
test/downtown_bar_00/p01/f01000,<private_workspace>/m1/outputs/predictions/sam3db_3dpw_test_stride50,285.871199,119.189413,63.613640
test/downtown_bar_00/p01/f01100,<private_workspace>/m1/outputs/predictions/sam3db_3dpw_test_stride50,248.098164,102.956424,43.738480
test/downtown_bar_00/p01/f01150,<private_workspace>/m1/outputs/predictions/sam3db_3dpw_test_stride50,267.233915,91.944316,43.558026
test/downtown_bar_00/p01/f01200,<private_workspace>/m1/outputs/predictions/sam3db_3dpw_test_stride50,199.757675,85.999794,44.230237
test/downtown_bar_00/p01/f01250,<private_workspace>/m1/outputs/predictions/sam3db_3dpw_test_stride50,311.110071,104.226804,47.336149
test/downtown_bar_00/p01/f01300,<private_workspace>/m1/outputs/predictions/sam3db_3dpw_test_stride50,210.394061,69.941507,30.365315
test/downtown_bar_00/p01/f01350,<private_workspace>/m1/outputs/predictions/sam3db_3dpw_test_stride50,353.679829,77.476476,37.312512
test/downtown_bar_00/p01/f01400,<private_workspace>/m1/outputs/predictions/sam3db_3dpw_test_stride50,365.662602,67.860563,29.373669
test/downtown_bus_00/p00/f00000,<private_workspace>/m1/outputs/predictions/sam3db_3dpw_test_stride50,238.803602,90.559527,44.740669
test/downtown_bus_00/p00/f00050,<private_workspace>/m1/outputs/predictions/sam3db_3dpw_test_stride50,210.458554,85.967017,37.763313
test/downtown_bus_00/p00/f00100,<private_workspace>/m1/outputs/predictions/sam3db_3dpw_test_stride50,221.026249,91.339974,46.333132
test/downtown_bus_00/p00/f00150,<private_workspace>/m1/outputs/predictions/sam3db_3dpw_test_stride50,213.066150,94.623511,46.543397
test/downtown_bus_00/p00/f00200,<private_workspace>/m1/outputs/predictions/sam3db_3dpw_test_stride50,207.030746,98.618317,47.512492
test/downtown_bus_00/p00/f00250,<private_workspace>/m1/outputs/predictions/sam3db_3dpw_test_stride50,179.970219,87.352964,41.084342
test/downtown_bus_00/p00/f00300,<private_workspace>/m1/outputs/predictions/sam3db_3dpw_test_stride50,200.227791,98.023930,61.439248
test/downtown_bus_00/p00/f00400,<private_workspace>/m1/outputs/predictions/sam3db_3dpw_test_stride50,197.788024,87.066593,42.793032
test/downtown_bus_00/p00/f00450,<private_workspace>/m1/outputs/predictions/sam3db_3dpw_test_stride50,176.481345,89.783607,39.429543
test/downtown_bus_00/p00/f00500,<private_workspace>/m1/outputs/predictions/sam3db_3dpw_test_stride50,201.910085,97.001465,45.683533
test/downtown_bus_00/p00/f00550,<private_workspace>/m1/outputs/predictions/sam3db_3dpw_test_stride50,238.527485,100.390600,44.455726
test/downtown_bus_00/p00/f00600,<private_workspace>/m1/outputs/predictions/sam3db_3dpw_test_stride50,224.773987,78.551388,37.163528
test/downtown_bus_00/p00/f00650,<private_workspace>/m1/outputs/predictions/sam3db_3dpw_test_stride50,211.149532,79.235489,35.078810
test/downtown_bus_00/p00/f00700,<private_workspace>/m1/outputs/predictions/sam3db_3dpw_test_stride50,248.619848,105.173458,46.921781
test/downtown_bus_00/p00/f00750,<private_workspace>/m1/outputs/predictions/sam3db_3dpw_test_stride50,233.511812,118.875250,64.765944
test/downtown_bus_00/p00/f00800,<private_workspace>/m1/outputs/predictions/sam3db_3dpw_test_stride50,238.000592,82.364301,44.931436
test/downtown_bus_00/p00/f01200,<private_workspace>/m1/outputs/predictions/sam3db_3dpw_test_stride50,118.420911,91.147430,60.741141
test/downtown_bus_00/p00/f01300,<private_workspace>/m1/outputs/predictions/sam3db_3dpw_test_stride50,192.040832,80.222140,39.607639
test/downtown_bus_00/p00/f01950,<private_workspace>/m1/outputs/predictions/sam3db_3dpw_test_stride50,155.672158,85.807624,35.430452
test/downtown_bus_00/p00/f02000,<private_workspace>/m1/outputs/predictions/sam3db_3dpw_test_stride50,258.074828,91.186475,36.821032
test/downtown_bus_00/p00/f02050,<private_workspace>/m1/outputs/predictions/sam3db_3dpw_test_stride50,210.591312,111.409962,48.051423
test/downtown_bus_00/p00/f02100,<private_workspace>/m1/outputs/predictions/sam3db_3dpw_test_stride50,212.904953,131.314188,58.429694
test/downtown_bus_00/p00/f02150,<private_workspace>/m1/outputs/predictions/sam3db_3dpw_test_stride50,288.284711,98.230609,51.907456
test/downtown_bus_00/p01/f00000,<private_workspace>/m1/outputs/predictions/sam3db_3dpw_test_stride50,410.834958,85.079155,37.040168
test/downtown_bus_00/p01/f00050,<private_workspace>/m1/outputs/predictions/sam3db_3dpw_test_stride50,356.930403,70.611452,37.229535
test/downtown_bus_00/p01/f00100,<private_workspace>/m1/outputs/predictions/sam3db_3dpw_test_stride50,563.560124,109.600255,54.545879
test/downtown_bus_00/p01/f00150,<private_workspace>/m1/outputs/predictions/sam3db_3dpw_test_stride50,284.005196,67.389068,36.010811
test/downtown_bus_00/p01/f00200,<private_workspace>/m1/outputs/predictions/sam3db_3dpw_test_stride50,320.120884,68.419815,35.292941
test/downtown_bus_00/p01/f00250,<private_workspace>/m1/outputs/predictions/sam3db_3dpw_test_stride50,366.763545,70.153519,39.116372
test/downtown_bus_00/p01/f00300,<private_workspace>/m1/outputs/predictions/sam3db_3dpw_test_stride50,356.388292,71.786019,32.545861
test/downtown_bus_00/p01/f00350,<private_workspace>/m1/outputs/predictions/sam3db_3dpw_test_stride50,322.091463,81.224228,36.095802
test/downtown_bus_00/p01/f00450,<private_workspace>/m1/outputs/predictions/sam3db_3dpw_test_stride50,343.571734,85.865532,55.451776
test/downtown_bus_00/p01/f00500,<private_workspace>/m1/outputs/predictions/sam3db_3dpw_test_stride50,249.412096,79.721163,55.514605
test/downtown_bus_00/p01/f00600,<private_workspace>/m1/outputs/predictions/sam3db_3dpw_test_stride50,293.370920,82.367455,44.053647
test/downtown_bus_00/p01/f00650,<private_workspace>/m1/outputs/predictions/sam3db_3dpw_test_stride50,348.199457,72.856641,33.920586
test/downtown_bus_00/p01/f00700,<private_workspace>/m1/outputs/predictions/sam3db_3dpw_test_stride50,292.048925,93.078014,49.113659
test/downtown_bus_00/p01/f00750,<private_workspace>/m1/outputs/predictions/sam3db_3dpw_test_stride50,275.347945,85.438721,41.819669
test/downtown_bus_00/p01/f00800,<private_workspace>/m1/outputs/predictions/sam3db_3dpw_test_stride50,190.947280,73.565401,53.458004
test/downtown_bus_00/p01/f01350,<private_workspace>/m1/outputs/predictions/sam3db_3dpw_test_stride50,294.088816,96.916780,55.496582
test/downtown_bus_00/p01/f01400,<private_workspace>/m1/outputs/predictions/sam3db_3dpw_test_stride50,420.989485,90.360534,50.621514
test/downtown_bus_00/p01/f01450,<private_workspace>/m1/outputs/predictions/sam3db_3dpw_test_stride50,287.774780,97.361177,53.394207
test/downtown_bus_00/p01/f01500,<private_workspace>/m1/outputs/predictions/sam3db_3dpw_test_stride50,344.721489,96.773399,50.643934
test/downtown_bus_00/p01/f01550,<private_workspace>/m1/outputs/predictions/sam3db_3dpw_test_stride50,331.571358,106.577749,52.828979
test/downtown_bus_00/p01/f01600,<private_workspace>/m1/outputs/predictions/sam3db_3dpw_test_stride50,360.212138,149.782127,129.209479
test/downtown_bus_00/p01/f01650,<private_workspace>/m1/outputs/predictions/sam3db_3dpw_test_stride50,319.608164,98.123764,50.235134
test/downtown_bus_00/p01/f01700,<private_workspace>/m1/outputs/predictions/sam3db_3dpw_test_stride50,299.032404,93.413366,49.827512
test/downtown_bus_00/p01/f01750,<private_workspace>/m1/outputs/predictions/sam3db_3dpw_test_stride50,326.622737,91.703375,47.833630
test/downtown_bus_00/p01/f01800,<private_workspace>/m1/outputs/predictions/sam3db_3dpw_test_stride50,339.099524,95.289526,47.873639
test/downtown_bus_00/p01/f01850,<private_workspace>/m1/outputs/predictions/sam3db_3dpw_test_stride50,368.296546,95.055463,49.299433
test/downtown_bus_00/p01/f01900,<private_workspace>/m1/outputs/predictions/sam3db_3dpw_test_stride50,373.525349,89.014975,48.293204
test/downtown_bus_00/p01/f01950,<private_workspace>/m1/outputs/predictions/sam3db_3dpw_test_stride50,356.888843,107.783563,48.875530
test/downtown_bus_00/p01/f02000,<private_workspace>/m1/outputs/predictions/sam3db_3dpw_test_stride50,456.896692,111.179301,69.898551
test/downtown_bus_00/p01/f02050,<private_workspace>/m1/outputs/predictions/sam3db_3dpw_test_stride50,449.495680,119.459674,78.421263
test/downtown_bus_00/p01/f02100,<private_workspace>/m1/outputs/predictions/sam3db_3dpw_test_stride50,516.666515,104.125033,61.334397
test/downtown_bus_00/p01/f02150,<private_workspace>/m1/outputs/predictions/sam3db_3dpw_test_stride50,456.819203,96.843506,44.901111
test/downtown_cafe_00/p00/f00000,<private_workspace>/m1/outputs/predictions/sam3db_3dpw_test_stride50,164.517516,81.601164,38.660493
test/downtown_cafe_00/p00/f00050,<private_workspace>/m1/outputs/predictions/sam3db_3dpw_test_stride50,238.446173,100.743431,44.686190
test/downtown_cafe_00/p00/f00100,<private_workspace>/m1/outputs/predictions/sam3db_3dpw_test_stride50,210.122382,100.818895,45.085041
test/downtown_cafe_00/p00/f00150,<private_workspace>/m1/outputs/predictions/sam3db_3dpw_test_stride50,127.479218,95.661854,43.754202
test/downtown_cafe_00/p00/f00200,<private_workspace>/m1/outputs/predictions/sam3db_3dpw_test_stride50,153.491213,85.480775,48.086801
test/downtown_cafe_00/p00/f00250,<private_workspace>/m1/outputs/predictions/sam3db_3dpw_test_stride50,316.561368,110.042274,76.130342
test/downtown_cafe_00/p00/f00300,<private_workspace>/m1/outputs/predictions/sam3db_3dpw_test_stride50,423.628219,90.207003,54.552968
test/downtown_cafe_00/p00/f00350,<private_workspace>/m1/outputs/predictions/sam3db_3dpw_test_stride50,376.590000,76.310077,43.462259
test/downtown_cafe_00/p00/f00400,<private_workspace>/m1/outputs/predictions/sam3db_3dpw_test_stride50,410.824423,78.203865,48.899054
test/downtown_cafe_00/p00/f00450,<private_workspace>/m1/outputs/predictions/sam3db_3dpw_test_stride50,410.271372,88.366338,32.412016
test/downtown_cafe_00/p00/f00500,<private_workspace>/m1/outputs/predictions/sam3db_3dpw_test_stride50,468.841502,76.644074,32.104623
test/downtown_cafe_00/p00/f00550,<private_workspace>/m1/outputs/predictions/sam3db_3dpw_test_stride50,185.349406,117.028440,52.584081
test/downtown_cafe_00/p00/f00600,<private_workspace>/m1/outputs/predictions/sam3db_3dpw_test_stride50,109.467072,93.735164,53.817298
test/downtown_cafe_00/p00/f00650,<private_workspace>/m1/outputs/predictions/sam3db_3dpw_test_stride50,265.115164,95.455241,42.905055
test/downtown_cafe_00/p00/f00700,<private_workspace>/m1/outputs/predictions/sam3db_3dpw_test_stride50,309.733639,122.460672,71.137300
test/downtown_cafe_00/p00/f00750,<private_workspace>/m1/outputs/predictions/sam3db_3dpw_test_stride50,263.958422,95.450622,36.290862
test/downtown_cafe_00/p00/f01050,<private_workspace>/m1/outputs/predictions/sam3db_3dpw_test_stride50,302.118744,83.676372,31.917665
test/downtown_cafe_00/p00/f01100,<private_workspace>/m1/outputs/predictions/sam3db_3dpw_test_stride50,331.626672,85.365492,37.808131
test/downtown_cafe_00/p00/f01150,<private_workspace>/m1/outputs/predictions/sam3db_3dpw_test_stride50,262.430515,72.627253,35.134161
test/downtown_cafe_00/p00/f01200,<private_workspace>/m1/outputs/predictions/sam3db_3dpw_test_stride50,305.101670,70.397539,32.722586
test/downtown_cafe_00/p01/f00000,<private_workspace>/m1/outputs/predictions/sam3db_3dpw_test_stride50,705.995797,69.960919,38.642442
test/downtown_cafe_00/p01/f00050,<private_workspace>/m1/outputs/predictions/sam3db_3dpw_test_stride50,723.459433,74.215150,35.673867
test/downtown_cafe_00/p01/f00100,<private_workspace>/m1/outputs/predictions/sam3db_3dpw_test_stride50,650.974288,69.970057,29.374117
test/downtown_cafe_00/p01/f00150,<private_workspace>/m1/outputs/predictions/sam3db_3dpw_test_stride50,371.632484,85.971901,44.913976
test/downtown_cafe_00/p01/f00250,<private_workspace>/m1/outputs/predictions/sam3db_3dpw_test_stride50,365.896426,84.686721,44.685072
test/downtown_cafe_00/p01/f00300,<private_workspace>/m1/outputs/predictions/sam3db_3dpw_test_stride50,483.546692,82.967528,32.038313
test/downtown_cafe_00/p01/f00350,<private_workspace>/m1/outputs/predictions/sam3db_3dpw_test_stride50,505.721991,72.049565,40.731538
test/downtown_cafe_00/p01/f00400,<private_workspace>/m1/outputs/predictions/sam3db_3dpw_test_stride50,470.844644,75.768402,40.545982
test/downtown_cafe_00/p01/f00450,<private_workspace>/m1/outputs/predictions/sam3db_3dpw_test_stride50,430.594722,95.224348,58.370703
test/downtown_cafe_00/p01/f00500,<private_workspace>/m1/outputs/predictions/sam3db_3dpw_test_stride50,716.442239,96.136442,53.389901
test/downtown_cafe_00/p01/f00550,<private_workspace>/m1/outputs/predictions/sam3db_3dpw_test_stride50,643.535351,106.551499,38.769558
test/downtown_cafe_00/p01/f00600,<private_workspace>/m1/outputs/predictions/sam3db_3dpw_test_stride50,445.990457,71.588749,42.890407
test/downtown_cafe_00/p01/f00650,<private_workspace>/m1/outputs/predictions/sam3db_3dpw_test_stride50,454.413825,86.942530,62.984324
test/downtown_cafe_00/p01/f00700,<private_workspace>/m1/outputs/predictions/sam3db_3dpw_test_stride50,369.499090,64.137814,41.231604
test/downtown_cafe_00/p01/f00750,<private_workspace>/m1/outputs/predictions/sam3db_3dpw_test_stride50,230.724752,91.078503,41.430293
test/downtown_cafe_00/p01/f00800,<private_workspace>/m1/outputs/predictions/sam3db_3dpw_test_stride50,218.639582,89.169726,46.436918
test/downtown_cafe_00/p01/f00850,<private_workspace>/m1/outputs/predictions/sam3db_3dpw_test_stride50,230.949476,92.324276,39.767676
test/downtown_cafe_00/p01/f00900,<private_workspace>/m1/outputs/predictions/sam3db_3dpw_test_stride50,192.758098,91.603297,40.056209
test/downtown_cafe_00/p01/f00950,<private_workspace>/m1/outputs/predictions/sam3db_3dpw_test_stride50,252.560805,99.962665,45.296807
test/downtown_cafe_00/p01/f01000,<private_workspace>/m1/outputs/predictions/sam3db_3dpw_test_stride50,445.755614,65.239738,34.666005
test/downtown_cafe_00/p01/f01050,<private_workspace>/m1/outputs/predictions/sam3db_3dpw_test_stride50,378.536291,70.956441,39.758235
test/downtown_cafe_00/p01/f01100,<private_workspace>/m1/outputs/predictions/sam3db_3dpw_test_stride50,506.862140,80.587624,27.268592
test/downtown_cafe_00/p01/f01150,<private_workspace>/m1/outputs/predictions/sam3db_3dpw_test_stride50,359.340674,81.266135,40.196239
test/downtown_cafe_00/p01/f01200,<private_workspace>/m1/outputs/predictions/sam3db_3dpw_test_stride50,501.531484,62.624542,34.249108
test/downtown_car_00/p00/f00000,<private_workspace>/m1/outputs/predictions/sam3db_3dpw_test_stride50,204.957946,85.914023,35.796308
test/downtown_car_00/p00/f00100,<private_workspace>/m1/outputs/predictions/sam3db_3dpw_test_stride50,383.090223,83.295415,47.009894
test/downtown_car_00/p00/f00150,<private_workspace>/m1/outputs/predictions/sam3db_3dpw_test_stride50,312.787965,88.849600,45.449384
test/downtown_car_00/p00/f00200,<private_workspace>/m1/outputs/predictions/sam3db_3dpw_test_stride50,225.245412,83.020297,46.927997
test/downtown_car_00/p00/f00250,<private_workspace>/m1/outputs/predictions/sam3db_3dpw_test_stride50,286.832931,102.479003,57.411681
test/downtown_car_00/p00/f00300,<private_workspace>/m1/outputs/predictions/sam3db_3dpw_test_stride50,409.048310,89.819401,39.362775
test/downtown_car_00/p00/f00350,<private_workspace>/m1/outputs/predictions/sam3db_3dpw_test_stride50,417.137014,87.419417,45.471061
test/downtown_car_00/p00/f00400,<private_workspace>/m1/outputs/predictions/sam3db_3dpw_test_stride50,343.657072,89.889646,41.438401
test/downtown_car_00/p00/f00450,<private_workspace>/m1/outputs/predictions/sam3db_3dpw_test_stride50,287.991384,105.696791,63.393709
test/downtown_car_00/p00/f00500,<private_workspace>/m1/outputs/predictions/sam3db_3dpw_test_stride50,283.265852,114.920425,70.273348
test/downtown_car_00/p00/f00550,<private_workspace>/m1/outputs/predictions/sam3db_3dpw_test_stride50,300.413298,101.521047,54.606979
test/downtown_car_00/p00/f00800,<private_workspace>/m1/outputs/predictions/sam3db_3dpw_test_stride50,215.311307,99.292802,68.182540
test/downtown_car_00/p00/f00850,<private_workspace>/m1/outputs/predictions/sam3db_3dpw_test_stride50,197.103596,132.455194,70.567800
test/downtown_car_00/p00/f00900,<private_workspace>/m1/outputs/predictions/sam3db_3dpw_test_stride50,193.565061,89.339687,38.464366
test/downtown_car_00/p00/f00950,<private_workspace>/m1/outputs/predictions/sam3db_3dpw_test_stride50,256.165258,108.026790,51.355293
test/downtown_car_00/p00/f01000,<private_workspace>/m1/outputs/predictions/sam3db_3dpw_test_stride50,359.896093,82.192475,44.717765
test/downtown_car_00/p01/f00000,<private_workspace>/m1/outputs/predictions/sam3db_3dpw_test_stride50,406.773053,90.362131,40.624316
test/downtown_car_00/p01/f00100,<private_workspace>/m1/outputs/predictions/sam3db_3dpw_test_stride50,336.621919,95.909685,47.016322
test/downtown_car_00/p01/f00150,<private_workspace>/m1/outputs/predictions/sam3db_3dpw_test_stride50,349.086295,102.361531,43.586422
test/downtown_car_00/p01/f00200,<private_workspace>/m1/outputs/predictions/sam3db_3dpw_test_stride50,367.664166,101.239125,57.590709
test/downtown_car_00/p01/f00250,<private_workspace>/m1/outputs/predictions/sam3db_3dpw_test_stride50,424.847472,86.859350,53.032126
test/downtown_car_00/p01/f00300,<private_workspace>/m1/outputs/predictions/sam3db_3dpw_test_stride50,408.170663,96.768924,47.827724
test/downtown_car_00/p01/f00350,<private_workspace>/m1/outputs/predictions/sam3db_3dpw_test_stride50,370.043067,83.299753,36.660831
test/downtown_car_00/p01/f00400,<private_workspace>/m1/outputs/predictions/sam3db_3dpw_test_stride50,396.360597,82.877877,38.558599
test/downtown_car_00/p01/f00450,<private_workspace>/m1/outputs/predictions/sam3db_3dpw_test_stride50,350.489997,87.284231,37.369921
test/downtown_car_00/p01/f00500,<private_workspace>/m1/outputs/predictions/sam3db_3dpw_test_stride50,228.265106,82.377245,44.755045
test/downtown_car_00/p01/f00550,<private_workspace>/m1/outputs/predictions/sam3db_3dpw_test_stride50,403.813557,83.917898,32.947290
test/downtown_car_00/p01/f00600,<private_workspace>/m1/outputs/predictions/sam3db_3dpw_test_stride50,381.713869,97.559931,60.632352
test/downtown_car_00/p01/f00850,<private_workspace>/m1/outputs/predictions/sam3db_3dpw_test_stride50,310.203004,78.638089,38.380808
test/downtown_car_00/p01/f00900,<private_workspace>/m1/outputs/predictions/sam3db_3dpw_test_stride50,377.429210,86.226972,44.818065
test/downtown_car_00/p01/f00950,<private_workspace>/m1/outputs/predictions/sam3db_3dpw_test_stride50,412.237092,85.591453,37.910388
test/downtown_car_00/p01/f01000,<private_workspace>/m1/outputs/predictions/sam3db_3dpw_test_stride50,537.515332,80.774993,39.050209
test/downtown_crossStreets_00/p00/f00000,<private_workspace>/m1/outputs/predictions/sam3db_3dpw_test_stride50,251.137827,83.610096,47.631534
test/downtown_crossStreets_00/p00/f00050,<private_workspace>/m1/outputs/predictions/sam3db_3dpw_test_stride50,493.850482,77.376780,42.546486
test/downtown_crossStreets_00/p00/f00100,<private_workspace>/m1/outputs/predictions/sam3db_3dpw_test_stride50,505.895422,97.444793,61.941966
test/downtown_crossStreets_00/p00/f00150,<private_workspace>/m1/outputs/predictions/sam3db_3dpw_test_stride50,147.942541,96.299105,41.203884
test/downtown_crossStreets_00/p00/f00200,<private_workspace>/m1/outputs/predictions/sam3db_3dpw_test_stride50,513.616857,90.313782,52.322551
test/downtown_crossStreets_00/p00/f00250,<private_workspace>/m1/outputs/predictions/sam3db_3dpw_test_stride50,380.972691,97.355935,41.157476
test/downtown_crossStreets_00/p00/f00300,<private_workspace>/m1/outputs/predictions/sam3db_3dpw_test_stride50,291.152043,87.739292,44.827774
test/downtown_crossStreets_00/p00/f00400,<private_workspace>/m1/outputs/predictions/sam3db_3dpw_test_stride50,287.851336,99.025899,56.322942
test/downtown_crossStreets_00/p00/f00450,<private_workspace>/m1/outputs/predictions/sam3db_3dpw_test_stride50,299.843996,103.873424,69.536107
test/downtown_crossStreets_00/p00/f00500,<private_workspace>/m1/outputs/predictions/sam3db_3dpw_test_stride50,298.283240,82.342889,34.658501
test/downtown_crossStreets_00/p00/f00550,<private_workspace>/m1/outputs/predictions/sam3db_3dpw_test_stride50,414.895139,84.377071,48.348014
test/downtown_crossStreets_00/p01/f00000,<private_workspace>/m1/outputs/predictions/sam3db_3dpw_test_stride50,1290.494955,74.103415,38.682326
test/downtown_crossStreets_00/p01/f00050,<private_workspace>/m1/outputs/predictions/sam3db_3dpw_test_stride50,1394.468660,61.301643,29.706036
test/downtown_crossStreets_00/p01/f00100,<private_workspace>/m1/outputs/predictions/sam3db_3dpw_test_stride50,1010.580851,81.540801,44.282443
test/downtown_crossStreets_00/p01/f00150,<private_workspace>/m1/outputs/predictions/sam3db_3dpw_test_stride50,732.722391,80.779149,37.699016
test/downtown_crossStreets_00/p01/f00200,<private_workspace>/m1/outputs/predictions/sam3db_3dpw_test_stride50,744.911778,78.311591,42.229881
test/downtown_crossStreets_00/p01/f00250,<private_workspace>/m1/outputs/predictions/sam3db_3dpw_test_stride50,411.226278,75.763999,37.351464
test/downtown_crossStreets_00/p01/f00300,<private_workspace>/m1/outputs/predictions/sam3db_3dpw_test_stride50,269.497413,76.973828,33.342210
test/downtown_crossStreets_00/p01/f00400,<private_workspace>/m1/outputs/predictions/sam3db_3dpw_test_stride50,280.153432,120.508318,73.478600
test/downtown_crossStreets_00/p01/f00450,<private_workspace>/m1/outputs/predictions/sam3db_3dpw_test_stride50,409.059979,97.797067,57.560102
test/downtown_crossStreets_00/p01/f00550,<private_workspace>/m1/outputs/predictions/sam3db_3dpw_test_stride50,494.898599,67.745135,35.588324
test/downtown_downstairs_00/p00/f00000,<private_workspace>/m1/outputs/predictions/sam3db_3dpw_test_stride50,450.619654,95.401438,42.053550
test/downtown_downstairs_00/p00/f00050,<private_workspace>/m1/outputs/predictions/sam3db_3dpw_test_stride50,890.694135,86.375685,44.222594
test/downtown_downstairs_00/p00/f00100,<private_workspace>/m1/outputs/predictions/sam3db_3dpw_test_stride50,798.085160,85.542520,32.548151
test/downtown_downstairs_00/p00/f00150,<private_workspace>/m1/outputs/predictions/sam3db_3dpw_test_stride50,517.227706,100.938952,43.565569
test/downtown_downstairs_00/p00/f00200,<private_workspace>/m1/outputs/predictions/sam3db_3dpw_test_stride50,752.744668,85.396126,31.244619
test/downtown_downstairs_00/p00/f00250,<private_workspace>/m1/outputs/predictions/sam3db_3dpw_test_stride50,561.568415,75.473171,33.552502
test/downtown_downstairs_00/p00/f00300,<private_workspace>/m1/outputs/predictions/sam3db_3dpw_test_stride50,287.835093,94.497044,38.998978
test/downtown_downstairs_00/p00/f00350,<private_workspace>/m1/outputs/predictions/sam3db_3dpw_test_stride50,288.870093,83.987319,34.252882
test/downtown_downstairs_00/p00/f00650,<private_workspace>/m1/outputs/predictions/sam3db_3dpw_test_stride50,262.221221,146.954765,38.203354
test/downtown_downstairs_00/p00/f00700,<private_workspace>/m1/outputs/predictions/sam3db_3dpw_test_stride50,171.627149,134.670905,45.062842
test/downtown_downstairs_00/p00/f00750,<private_workspace>/m1/outputs/predictions/sam3db_3dpw_test_stride50,547.597636,141.376805,35.576088
test/downtown_downstairs_00/p00/f00800,<private_workspace>/m1/outputs/predictions/sam3db_3dpw_test_stride50,492.418641,185.828110,44.544574
test/downtown_downstairs_00/p00/f00850,<private_workspace>/m1/outputs/predictions/sam3db_3dpw_test_stride50,1142.949539,202.693784,39.820021
test/downtown_enterShop_00/p00/f00000,<private_workspace>/m1/outputs/predictions/sam3db_3dpw_test_stride50,323.488600,63.463368,32.434824
test/downtown_enterShop_00/p00/f00050,<private_workspace>/m1/outputs/predictions/sam3db_3dpw_test_stride50,302.782248,70.248659,34.396857
test/downtown_enterShop_00/p00/f00100,<private_workspace>/m1/outputs/predictions/sam3db_3dpw_test_stride50,313.731510,71.852265,37.612454
test/downtown_enterShop_00/p00/f00150,<private_workspace>/m1/outputs/predictions/sam3db_3dpw_test_stride50,283.402038,68.758947,33.614511
test/downtown_enterShop_00/p00/f00200,<private_workspace>/m1/outputs/predictions/sam3db_3dpw_test_stride50,419.662318,81.184123,40.685172
test/downtown_enterShop_00/p00/f00250,<private_workspace>/m1/outputs/predictions/sam3db_3dpw_test_stride50,429.201952,78.228853,38.399349
test/downtown_enterShop_00/p00/f00300,<private_workspace>/m1/outputs/predictions/sam3db_3dpw_test_stride50,521.735687,81.306642,37.711449
test/downtown_enterShop_00/p00/f00350,<private_workspace>/m1/outputs/predictions/sam3db_3dpw_test_stride50,368.581477,72.132529,34.588945
test/downtown_enterShop_00/p00/f00400,<private_workspace>/m1/outputs/predictions/sam3db_3dpw_test_stride50,249.318707,75.488337,27.391843
test/downtown_enterShop_00/p00/f00450,<private_workspace>/m1/outputs/predictions/sam3db_3dpw_test_stride50,419.919717,85.208451,37.137042
test/downtown_enterShop_00/p00/f00500,<private_workspace>/m1/outputs/predictions/sam3db_3dpw_test_stride50,235.706736,62.293107,29.855778
test/downtown_enterShop_00/p00/f00600,<private_workspace>/m1/outputs/predictions/sam3db_3dpw_test_stride50,235.812962,65.860365,28.549644
test/downtown_enterShop_00/p00/f00650,<private_workspace>/m1/outputs/predictions/sam3db_3dpw_test_stride50,328.048806,63.925747,26.625327
test/downtown_enterShop_00/p00/f00700,<private_workspace>/m1/outputs/predictions/sam3db_3dpw_test_stride50,303.993796,71.875318,30.435803
test/downtown_enterShop_00/p00/f00750,<private_workspace>/m1/outputs/predictions/sam3db_3dpw_test_stride50,274.984592,73.647627,34.872739
test/downtown_enterShop_00/p00/f00800,<private_workspace>/m1/outputs/predictions/sam3db_3dpw_test_stride50,295.588836,70.643863,30.951702
test/downtown_enterShop_00/p00/f00850,<private_workspace>/m1/outputs/predictions/sam3db_3dpw_test_stride50,364.857298,73.027885,32.428290
test/downtown_enterShop_00/p00/f00900,<private_workspace>/m1/outputs/predictions/sam3db_3dpw_test_stride50,393.237930,66.868482,26.933715
test/downtown_enterShop_00/p00/f00950,<private_workspace>/m1/outputs/predictions/sam3db_3dpw_test_stride50,371.093327,89.720396,50.006713
test/downtown_enterShop_00/p00/f01000,<private_workspace>/m1/outputs/predictions/sam3db_3dpw_test_stride50,325.294187,71.186684,32.479774
test/downtown_enterShop_00/p00/f01050,<private_workspace>/m1/outputs/predictions/sam3db_3dpw_test_stride50,364.557956,67.845914,25.777981
test/downtown_enterShop_00/p00/f01100,<private_workspace>/m1/outputs/predictions/sam3db_3dpw_test_stride50,392.087335,72.285374,39.459572
test/downtown_enterShop_00/p00/f01150,<private_workspace>/m1/outputs/predictions/sam3db_3dpw_test_stride50,291.080808,78.913443,47.955784
test/downtown_enterShop_00/p00/f01200,<private_workspace>/m1/outputs/predictions/sam3db_3dpw_test_stride50,367.059482,67.778993,32.459546
test/downtown_enterShop_00/p00/f01250,<private_workspace>/m1/outputs/predictions/sam3db_3dpw_test_stride50,300.410276,78.097604,39.789242
test/downtown_enterShop_00/p00/f01300,<private_workspace>/m1/outputs/predictions/sam3db_3dpw_test_stride50,291.870407,68.241496,35.016778
test/downtown_enterShop_00/p00/f01350,<private_workspace>/m1/outputs/predictions/sam3db_3dpw_test_stride50,258.417884,59.488489,29.064822
test/downtown_enterShop_00/p00/f01400,<private_workspace>/m1/outputs/predictions/sam3db_3dpw_test_stride50,271.929108,59.163266,28.470947
test/downtown_rampAndStairs_00/p00/f00000,<private_workspace>/m1/outputs/predictions/sam3db_3dpw_test_stride50,343.392916,78.336883,27.626615
test/downtown_rampAndStairs_00/p00/f00050,<private_workspace>/m1/outputs/predictions/sam3db_3dpw_test_stride50,341.064189,92.934892,42.802510
test/downtown_rampAndStairs_00/p00/f00100,<private_workspace>/m1/outputs/predictions/sam3db_3dpw_test_stride50,255.923212,83.681110,48.054196
test/downtown_rampAndStairs_00/p00/f00150,<private_workspace>/m1/outputs/predictions/sam3db_3dpw_test_stride50,443.132421,86.219787,34.410360
test/downtown_rampAndStairs_00/p00/f00200,<private_workspace>/m1/outputs/predictions/sam3db_3dpw_test_stride50,394.787893,85.804011,34.447989
test/downtown_rampAndStairs_00/p00/f00250,<private_workspace>/m1/outputs/predictions/sam3db_3dpw_test_stride50,527.374238,84.275602,39.298496
test/downtown_rampAndStairs_00/p00/f00300,<private_workspace>/m1/outputs/predictions/sam3db_3dpw_test_stride50,468.447299,93.398688,36.057125
test/downtown_rampAndStairs_00/p00/f00350,<private_workspace>/m1/outputs/predictions/sam3db_3dpw_test_stride50,442.087470,91.090902,49.290238
test/downtown_rampAndStairs_00/p00/f00400,<private_workspace>/m1/outputs/predictions/sam3db_3dpw_test_stride50,354.503341,95.283149,43.739560
test/downtown_rampAndStairs_00/p00/f00450,<private_workspace>/m1/outputs/predictions/sam3db_3dpw_test_stride50,227.519241,108.760155,50.271394
test/downtown_rampAndStairs_00/p00/f00500,<private_workspace>/m1/outputs/predictions/sam3db_3dpw_test_stride50,584.027716,87.266717,32.078426
test/downtown_rampAndStairs_00/p00/f00550,<private_workspace>/m1/outputs/predictions/sam3db_3dpw_test_stride50,355.985453,98.145895,40.750889
test/downtown_rampAndStairs_00/p00/f00600,<private_workspace>/m1/outputs/predictions/sam3db_3dpw_test_stride50,628.592326,94.296325,39.533357
test/downtown_rampAndStairs_00/p00/f00650,<private_workspace>/m1/outputs/predictions/sam3db_3dpw_test_stride50,589.204044,101.913397,43.530887
test/downtown_rampAndStairs_00/p00/f00700,<private_workspace>/m1/outputs/predictions/sam3db_3dpw_test_stride50,604.472184,89.631299,36.149530
test/downtown_rampAndStairs_00/p00/f00750,<private_workspace>/m1/outputs/predictions/sam3db_3dpw_test_stride50,445.478237,89.103007,38.579123
test/downtown_rampAndStairs_00/p00/f00800,<private_workspace>/m1/outputs/predictions/sam3db_3dpw_test_stride50,478.013076,94.987223,39.727823
test/downtown_rampAndStairs_00/p00/f00850,<private_workspace>/m1/outputs/predictions/sam3db_3dpw_test_stride50,440.200299,97.442206,43.694836
test/downtown_rampAndStairs_00/p00/f00900,<private_workspace>/m1/outputs/predictions/sam3db_3dpw_test_stride50,265.430367,96.371836,44.321265
test/downtown_rampAndStairs_00/p00/f00950,<private_workspace>/m1/outputs/predictions/sam3db_3dpw_test_stride50,235.048700,94.391358,38.310906
test/downtown_rampAndStairs_00/p01/f00000,<private_workspace>/m1/outputs/predictions/sam3db_3dpw_test_stride50,467.759222,64.746906,28.894969
test/downtown_rampAndStairs_00/p01/f00050,<private_workspace>/m1/outputs/predictions/sam3db_3dpw_test_stride50,341.386426,103.099799,51.709113
test/downtown_rampAndStairs_00/p01/f00100,<private_workspace>/m1/outputs/predictions/sam3db_3dpw_test_stride50,282.672371,80.731990,38.947665
test/downtown_rampAndStairs_00/p01/f00150,<private_workspace>/m1/outputs/predictions/sam3db_3dpw_test_stride50,408.413029,80.127229,33.092663
test/downtown_rampAndStairs_00/p01/f00200,<private_workspace>/m1/outputs/predictions/sam3db_3dpw_test_stride50,334.026821,77.088242,35.994244
test/downtown_rampAndStairs_00/p01/f00250,<private_workspace>/m1/outputs/predictions/sam3db_3dpw_test_stride50,444.715870,82.392431,40.056543
test/downtown_rampAndStairs_00/p01/f00300,<private_workspace>/m1/outputs/predictions/sam3db_3dpw_test_stride50,553.501101,94.424618,50.406891
test/downtown_rampAndStairs_00/p01/f00350,<private_workspace>/m1/outputs/predictions/sam3db_3dpw_test_stride50,997.775645,83.150223,36.481301
test/downtown_rampAndStairs_00/p01/f00400,<private_workspace>/m1/outputs/predictions/sam3db_3dpw_test_stride50,1225.409504,87.229817,41.263618
test/downtown_rampAndStairs_00/p01/f00450,<private_workspace>/m1/outputs/predictions/sam3db_3dpw_test_stride50,1188.937223,90.964234,47.223862
test/downtown_rampAndStairs_00/p01/f00500,<private_workspace>/m1/outputs/predictions/sam3db_3dpw_test_stride50,1001.530641,93.036979,54.718164
test/downtown_rampAndStairs_00/p01/f00550,<private_workspace>/m1/outputs/predictions/sam3db_3dpw_test_stride50,1036.592845,81.682858,32.627552
test/downtown_rampAndStairs_00/p01/f00600,<private_workspace>/m1/outputs/predictions/sam3db_3dpw_test_stride50,808.876594,82.426108,36.857636
test/downtown_rampAndStairs_00/p01/f00650,<private_workspace>/m1/outputs/predictions/sam3db_3dpw_test_stride50,795.817411,72.216007,35.107108
test/downtown_rampAndStairs_00/p01/f00700,<private_workspace>/m1/outputs/predictions/sam3db_3dpw_test_stride50,698.184901,64.677963,28.495187
test/downtown_rampAndStairs_00/p01/f00750,<private_workspace>/m1/outputs/predictions/sam3db_3dpw_test_stride50,447.839826,66.877351,29.292402
test/downtown_rampAndStairs_00/p01/f00800,<private_workspace>/m1/outputs/predictions/sam3db_3dpw_test_stride50,498.588253,72.658587,29.182761
test/downtown_rampAndStairs_00/p01/f00850,<private_workspace>/m1/outputs/predictions/sam3db_3dpw_test_stride50,507.094526,66.687934,27.514896
test/downtown_rampAndStairs_00/p01/f00900,<private_workspace>/m1/outputs/predictions/sam3db_3dpw_test_stride50,443.021441,78.940894,26.367364
test/downtown_rampAndStairs_00/p01/f00950,<private_workspace>/m1/outputs/predictions/sam3db_3dpw_test_stride50,341.057118,85.669126,32.655463
test/downtown_runForBus_00/p00/f00000,<private_workspace>/m1/outputs/predictions/sam3db_3dpw_test_stride50,412.965758,77.554807,31.900604
test/downtown_runForBus_00/p00/f00050,<private_workspace>/m1/outputs/predictions/sam3db_3dpw_test_stride50,511.661468,92.158834,47.795403
test/downtown_runForBus_00/p00/f00100,<private_workspace>/m1/outputs/predictions/sam3db_3dpw_test_stride50,385.273885,90.699180,42.405343
test/downtown_runForBus_00/p00/f00150,<private_workspace>/m1/outputs/predictions/sam3db_3dpw_test_stride50,311.418447,93.784757,34.146463
test/downtown_runForBus_00/p00/f00200,<private_workspace>/m1/outputs/predictions/sam3db_3dpw_test_stride50,231.073588,90.819618,38.593308
test/downtown_runForBus_00/p00/f00250,<private_workspace>/m1/outputs/predictions/sam3db_3dpw_test_stride50,302.812788,85.066235,35.303512
test/downtown_runForBus_00/p00/f00300,<private_workspace>/m1/outputs/predictions/sam3db_3dpw_test_stride50,603.229079,89.300809,30.431621
test/downtown_runForBus_00/p00/f00350,<private_workspace>/m1/outputs/predictions/sam3db_3dpw_test_stride50,281.736044,102.894397,65.846515
test/downtown_runForBus_00/p00/f00450,<private_workspace>/m1/outputs/predictions/sam3db_3dpw_test_stride50,194.254039,83.590252,42.953604
test/downtown_runForBus_00/p00/f00500,<private_workspace>/m1/outputs/predictions/sam3db_3dpw_test_stride50,410.030975,93.773413,44.925886
test/downtown_runForBus_00/p00/f00550,<private_workspace>/m1/outputs/predictions/sam3db_3dpw_test_stride50,364.615624,89.980496,47.691640
test/downtown_runForBus_00/p00/f00600,<private_workspace>/m1/outputs/predictions/sam3db_3dpw_test_stride50,748.303236,87.931320,33.775251
test/downtown_runForBus_00/p00/f00650,<private_workspace>/m1/outputs/predictions/sam3db_3dpw_test_stride50,255.941577,92.970799,44.729767
test/downtown_runForBus_00/p00/f00700,<private_workspace>/m1/outputs/predictions/sam3db_3dpw_test_stride50,337.310866,91.360193,34.568469
test/downtown_runForBus_00/p01/f00000,<private_workspace>/m1/outputs/predictions/sam3db_3dpw_test_stride50,760.362074,80.811754,38.105579
test/downtown_runForBus_00/p01/f00050,<private_workspace>/m1/outputs/predictions/sam3db_3dpw_test_stride50,793.340536,74.446443,29.772716
test/downtown_runForBus_00/p01/f00100,<private_workspace>/m1/outputs/predictions/sam3db_3dpw_test_stride50,556.224213,87.483024,34.708635
test/downtown_runForBus_00/p01/f00150,<private_workspace>/m1/outputs/predictions/sam3db_3dpw_test_stride50,472.070660,76.287313,31.787976
test/downtown_runForBus_00/p01/f00200,<private_workspace>/m1/outputs/predictions/sam3db_3dpw_test_stride50,404.910998,83.419850,36.717024
test/downtown_runForBus_00/p01/f00250,<private_workspace>/m1/outputs/predictions/sam3db_3dpw_test_stride50,410.456627,74.367676,29.625041
test/downtown_runForBus_00/p01/f00300,<private_workspace>/m1/outputs/predictions/sam3db_3dpw_test_stride50,842.830150,79.322876,29.899577
test/downtown_runForBus_00/p01/f00350,<private_workspace>/m1/outputs/predictions/sam3db_3dpw_test_stride50,301.278345,106.585816,73.614289
test/downtown_runForBus_00/p01/f00400,<private_workspace>/m1/outputs/predictions/sam3db_3dpw_test_stride50,207.595385,103.621993,78.063316
test/downtown_runForBus_00/p01/f00450,<private_workspace>/m1/outputs/predictions/sam3db_3dpw_test_stride50,380.905889,95.504991,49.506695
test/downtown_runForBus_00/p01/f00500,<private_workspace>/m1/outputs/predictions/sam3db_3dpw_test_stride50,389.552004,90.174814,65.686342
test/downtown_runForBus_00/p01/f00550,<private_workspace>/m1/outputs/predictions/sam3db_3dpw_test_stride50,488.625397,97.465182,53.461168
test/downtown_runForBus_00/p01/f00600,<private_workspace>/m1/outputs/predictions/sam3db_3dpw_test_stride50,792.764631,80.619468,50.459152
test/downtown_runForBus_00/p01/f00650,<private_workspace>/m1/outputs/predictions/sam3db_3dpw_test_stride50,330.313747,79.347112,36.814121
test/downtown_runForBus_00/p01/f00700,<private_workspace>/m1/outputs/predictions/sam3db_3dpw_test_stride50,469.018331,74.419460,33.438172
test/downtown_runForBus_01/p00/f00000,<private_workspace>/m1/outputs/predictions/sam3db_3dpw_test_stride50,385.505410,80.543583,33.804458
test/downtown_runForBus_01/p00/f00050,<private_workspace>/m1/outputs/predictions/sam3db_3dpw_test_stride50,246.567997,97.805952,42.010848
test/downtown_runForBus_01/p00/f00100,<private_workspace>/m1/outputs/predictions/sam3db_3dpw_test_stride50,110.708107,97.317577,46.220337
test/downtown_runForBus_01/p00/f00150,<private_workspace>/m1/outputs/predictions/sam3db_3dpw_test_stride50,120.262473,145.370271,96.328107
test/downtown_runForBus_01/p00/f00200,<private_workspace>/m1/outputs/predictions/sam3db_3dpw_test_stride50,152.077706,130.663156,75.729700
test/downtown_runForBus_01/p00/f00250,<private_workspace>/m1/outputs/predictions/sam3db_3dpw_test_stride50,112.032258,141.827488,88.261645
test/downtown_runForBus_01/p00/f00300,<private_workspace>/m1/outputs/predictions/sam3db_3dpw_test_stride50,153.064487,83.810144,49.426593
test/downtown_runForBus_01/p00/f00350,<private_workspace>/m1/outputs/predictions/sam3db_3dpw_test_stride50,58.030563,91.713877,43.350727
test/downtown_runForBus_01/p00/f00400,<private_workspace>/m1/outputs/predictions/sam3db_3dpw_test_stride50,86.446689,141.284759,59.865556
test/downtown_runForBus_01/p00/f00450,<private_workspace>/m1/outputs/predictions/sam3db_3dpw_test_stride50,602.816510,89.161771,34.306018
test/downtown_runForBus_01/p00/f00500,<private_workspace>/m1/outputs/predictions/sam3db_3dpw_test_stride50,405.521799,98.954855,49.861924
test/downtown_runForBus_01/p00/f00550,<private_workspace>/m1/outputs/predictions/sam3db_3dpw_test_stride50,510.035171,111.407482,57.686268
test/downtown_runForBus_01/p00/f00600,<private_workspace>/m1/outputs/predictions/sam3db_3dpw_test_stride50,1029.751455,147.847964,81.732787
test/downtown_runForBus_01/p00/f00650,<private_workspace>/m1/outputs/predictions/sam3db_3dpw_test_stride50,691.795040,113.656772,45.193010
test/downtown_runForBus_01/p00/f00700,<private_workspace>/m1/outputs/predictions/sam3db_3dpw_test_stride50,981.114668,120.858234,54.580965
test/downtown_runForBus_01/p00/f00750,<private_workspace>/m1/outputs/predictions/sam3db_3dpw_test_stride50,1484.271716,107.508956,47.901365
test/downtown_runForBus_01/p01/f00000,<private_workspace>/m1/outputs/predictions/sam3db_3dpw_test_stride50,624.854198,73.394682,33.286373
test/downtown_runForBus_01/p01/f00050,<private_workspace>/m1/outputs/predictions/sam3db_3dpw_test_stride50,369.357717,105.250397,38.777782
test/downtown_runForBus_01/p01/f00100,<private_workspace>/m1/outputs/predictions/sam3db_3dpw_test_stride50,448.769450,103.759298,39.087992
test/downtown_runForBus_01/p01/f00150,<private_workspace>/m1/outputs/predictions/sam3db_3dpw_test_stride50,317.779190,92.090459,45.679350
test/downtown_runForBus_01/p01/f00200,<private_workspace>/m1/outputs/predictions/sam3db_3dpw_test_stride50,348.273978,102.796745,43.727247
test/downtown_runForBus_01/p01/f00250,<private_workspace>/m1/outputs/predictions/sam3db_3dpw_test_stride50,313.533003,100.728195,46.853894
test/downtown_runForBus_01/p01/f00300,<private_workspace>/m1/outputs/predictions/sam3db_3dpw_test_stride50,400.279157,95.049838,37.139255
test/downtown_runForBus_01/p01/f00350,<private_workspace>/m1/outputs/predictions/sam3db_3dpw_test_stride50,318.674636,93.091461,39.624858
test/downtown_runForBus_01/p01/f00400,<private_workspace>/m1/outputs/predictions/sam3db_3dpw_test_stride50,461.948043,105.955014,39.183226
test/downtown_runForBus_01/p01/f00450,<private_workspace>/m1/outputs/predictions/sam3db_3dpw_test_stride50,660.835379,76.085456,46.317130
test/downtown_runForBus_01/p01/f00600,<private_workspace>/m1/outputs/predictions/sam3db_3dpw_test_stride50,887.605715,91.706679,47.694515
test/downtown_runForBus_01/p01/f00650,<private_workspace>/m1/outputs/predictions/sam3db_3dpw_test_stride50,587.915747,131.890095,74.494789
test/downtown_runForBus_01/p01/f00750,<private_workspace>/m1/outputs/predictions/sam3db_3dpw_test_stride50,187.832449,125.618906,55.096893
test/downtown_sitOnStairs_00/p00/f00000,<private_workspace>/m1/outputs/predictions/sam3db_3dpw_test_stride50,319.059640,76.997478,40.164617
test/downtown_sitOnStairs_00/p00/f00050,<private_workspace>/m1/outputs/predictions/sam3db_3dpw_test_stride50,231.980912,87.059010,37.587715
test/downtown_sitOnStairs_00/p00/f00100,<private_workspace>/m1/outputs/predictions/sam3db_3dpw_test_stride50,234.155718,92.130950,37.504103
test/downtown_sitOnStairs_00/p00/f00150,<private_workspace>/m1/outputs/predictions/sam3db_3dpw_test_stride50,267.631546,97.041048,44.205911
test/downtown_sitOnStairs_00/p00/f00200,<private_workspace>/m1/outputs/predictions/sam3db_3dpw_test_stride50,304.044807,92.247371,36.067302
test/downtown_sitOnStairs_00/p00/f00250,<private_workspace>/m1/outputs/predictions/sam3db_3dpw_test_stride50,318.517629,90.643448,38.408147
test/downtown_sitOnStairs_00/p00/f00300,<private_workspace>/m1/outputs/predictions/sam3db_3dpw_test_stride50,356.298577,86.577751,39.681076
test/downtown_sitOnStairs_00/p00/f00350,<private_workspace>/m1/outputs/predictions/sam3db_3dpw_test_stride50,186.505314,76.313936,35.079324
test/downtown_sitOnStairs_00/p00/f00450,<private_workspace>/m1/outputs/predictions/sam3db_3dpw_test_stride50,545.018377,79.649301,37.342745
test/downtown_sitOnStairs_00/p00/f00500,<private_workspace>/m1/outputs/predictions/sam3db_3dpw_test_stride50,325.298213,82.632944,47.233675
test/downtown_sitOnStairs_00/p00/f00550,<private_workspace>/m1/outputs/predictions/sam3db_3dpw_test_stride50,425.281933,84.298115,35.781356
test/downtown_sitOnStairs_00/p00/f00600,<private_workspace>/m1/outputs/predictions/sam3db_3dpw_test_stride50,200.090696,121.237992,51.040012
test/downtown_sitOnStairs_00/p00/f00650,<private_workspace>/m1/outputs/predictions/sam3db_3dpw_test_stride50,83.150045,112.402706,50.253001
test/downtown_sitOnStairs_00/p00/f00700,<private_workspace>/m1/outputs/predictions/sam3db_3dpw_test_stride50,380.266924,101.730867,37.502432
test/downtown_sitOnStairs_00/p00/f00750,<private_workspace>/m1/outputs/predictions/sam3db_3dpw_test_stride50,268.722056,104.856541,42.551979
test/downtown_sitOnStairs_00/p00/f00800,<private_workspace>/m1/outputs/predictions/sam3db_3dpw_test_stride50,337.614582,99.561081,43.734181
test/downtown_sitOnStairs_00/p00/f00850,<private_workspace>/m1/outputs/predictions/sam3db_3dpw_test_stride50,260.220718,106.926474,44.800974
test/downtown_sitOnStairs_00/p00/f00900,<private_workspace>/m1/outputs/predictions/sam3db_3dpw_test_stride50,217.807029,101.353239,39.133400
test/downtown_sitOnStairs_00/p00/f00950,<private_workspace>/m1/outputs/predictions/sam3db_3dpw_test_stride50,281.799021,109.878308,41.520452
test/downtown_sitOnStairs_00/p00/f01000,<private_workspace>/m1/outputs/predictions/sam3db_3dpw_test_stride50,74.537921,109.899262,47.987601
test/downtown_sitOnStairs_00/p00/f01050,<private_workspace>/m1/outputs/predictions/sam3db_3dpw_test_stride50,102.331281,101.645359,53.894314
test/downtown_sitOnStairs_00/p00/f01100,<private_workspace>/m1/outputs/predictions/sam3db_3dpw_test_stride50,73.716871,103.411979,44.728849
test/downtown_sitOnStairs_00/p00/f01150,<private_workspace>/m1/outputs/predictions/sam3db_3dpw_test_stride50,71.518643,106.526250,51.018907
test/downtown_sitOnStairs_00/p00/f01200,<private_workspace>/m1/outputs/predictions/sam3db_3dpw_test_stride50,145.456451,121.347273,65.970085
test/downtown_sitOnStairs_00/p00/f01250,<private_workspace>/m1/outputs/predictions/sam3db_3dpw_test_stride50,311.837841,105.792647,42.581876
test/downtown_sitOnStairs_00/p00/f01300,<private_workspace>/m1/outputs/predictions/sam3db_3dpw_test_stride50,354.258986,82.196160,43.771572
test/downtown_sitOnStairs_00/p01/f00000,<private_workspace>/m1/outputs/predictions/sam3db_3dpw_test_stride50,694.199066,77.708505,43.101483
test/downtown_sitOnStairs_00/p01/f00050,<private_workspace>/m1/outputs/predictions/sam3db_3dpw_test_stride50,616.627382,78.578907,35.759873
test/downtown_sitOnStairs_00/p01/f00100,<private_workspace>/m1/outputs/predictions/sam3db_3dpw_test_stride50,527.079932,75.923258,34.947422
test/downtown_sitOnStairs_00/p01/f00150,<private_workspace>/m1/outputs/predictions/sam3db_3dpw_test_stride50,465.211462,81.589086,39.297099
test/downtown_sitOnStairs_00/p01/f00200,<private_workspace>/m1/outputs/predictions/sam3db_3dpw_test_stride50,465.875702,80.622244,29.295481
test/downtown_sitOnStairs_00/p01/f00250,<private_workspace>/m1/outputs/predictions/sam3db_3dpw_test_stride50,429.744692,83.344668,36.039604
test/downtown_sitOnStairs_00/p01/f00300,<private_workspace>/m1/outputs/predictions/sam3db_3dpw_test_stride50,468.789515,72.553685,30.346260
test/downtown_sitOnStairs_00/p01/f00350,<private_workspace>/m1/outputs/predictions/sam3db_3dpw_test_stride50,414.271898,84.288844,37.975202
test/downtown_sitOnStairs_00/p01/f00450,<private_workspace>/m1/outputs/predictions/sam3db_3dpw_test_stride50,591.190382,78.659151,33.060764
test/downtown_sitOnStairs_00/p01/f00500,<private_workspace>/m1/outputs/predictions/sam3db_3dpw_test_stride50,521.607564,83.130695,44.969044
test/downtown_sitOnStairs_00/p01/f00550,<private_workspace>/m1/outputs/predictions/sam3db_3dpw_test_stride50,520.229604,91.131920,37.990355
test/downtown_sitOnStairs_00/p01/f00600,<private_workspace>/m1/outputs/predictions/sam3db_3dpw_test_stride50,444.060208,89.187710,45.281964
test/downtown_sitOnStairs_00/p01/f00650,<private_workspace>/m1/outputs/predictions/sam3db_3dpw_test_stride50,441.708973,83.701405,36.910579
test/downtown_sitOnStairs_00/p01/f00700,<private_workspace>/m1/outputs/predictions/sam3db_3dpw_test_stride50,545.229583,151.962651,61.498326
test/downtown_sitOnStairs_00/p01/f00750,<private_workspace>/m1/outputs/predictions/sam3db_3dpw_test_stride50,364.378049,96.268804,47.707811
test/downtown_sitOnStairs_00/p01/f00800,<private_workspace>/m1/outputs/predictions/sam3db_3dpw_test_stride50,347.484008,101.703641,48.242995
test/downtown_sitOnStairs_00/p01/f00850,<private_workspace>/m1/outputs/predictions/sam3db_3dpw_test_stride50,310.536916,103.956372,46.265152
test/downtown_sitOnStairs_00/p01/f00900,<private_workspace>/m1/outputs/predictions/sam3db_3dpw_test_stride50,336.112663,108.693879,48.721253
test/downtown_sitOnStairs_00/p01/f00950,<private_workspace>/m1/outputs/predictions/sam3db_3dpw_test_stride50,297.670302,117.361186,51.212832
test/downtown_sitOnStairs_00/p01/f01000,<private_workspace>/m1/outputs/predictions/sam3db_3dpw_test_stride50,354.690018,126.526018,48.062619
test/downtown_sitOnStairs_00/p01/f01050,<private_workspace>/m1/outputs/predictions/sam3db_3dpw_test_stride50,321.803570,121.510227,50.596113
test/downtown_sitOnStairs_00/p01/f01100,<private_workspace>/m1/outputs/predictions/sam3db_3dpw_test_stride50,376.875829,132.852004,53.365652
test/downtown_sitOnStairs_00/p01/f01150,<private_workspace>/m1/outputs/predictions/sam3db_3dpw_test_stride50,442.581907,116.628076,51.978388
test/downtown_sitOnStairs_00/p01/f01200,<private_workspace>/m1/outputs/predictions/sam3db_3dpw_test_stride50,349.398597,105.793616,49.226967
test/downtown_sitOnStairs_00/p01/f01250,<private_workspace>/m1/outputs/predictions/sam3db_3dpw_test_stride50,271.748035,134.528251,52.097829
test/downtown_sitOnStairs_00/p01/f01300,<private_workspace>/m1/outputs/predictions/sam3db_3dpw_test_stride50,547.093645,63.374350,31.189772
test/downtown_stairs_00/p00/f00000,<private_workspace>/m1/outputs/predictions/sam3db_3dpw_test_stride50,666.160223,70.734265,34.770153
test/downtown_stairs_00/p00/f00050,<private_workspace>/m1/outputs/predictions/sam3db_3dpw_test_stride50,658.845587,65.917782,31.810005
test/downtown_stairs_00/p00/f00100,<private_workspace>/m1/outputs/predictions/sam3db_3dpw_test_stride50,467.287274,85.754038,42.821619
test/downtown_stairs_00/p00/f00150,<private_workspace>/m1/outputs/predictions/sam3db_3dpw_test_stride50,653.488324,89.677625,37.655041
test/downtown_stairs_00/p00/f00200,<private_workspace>/m1/outputs/predictions/sam3db_3dpw_test_stride50,592.494343,101.500175,34.962552
test/downtown_stairs_00/p00/f00250,<private_workspace>/m1/outputs/predictions/sam3db_3dpw_test_stride50,459.755110,89.075426,40.819221
test/downtown_stairs_00/p00/f00300,<private_workspace>/m1/outputs/predictions/sam3db_3dpw_test_stride50,527.377616,92.857677,52.007726
test/downtown_stairs_00/p00/f00350,<private_workspace>/m1/outputs/predictions/sam3db_3dpw_test_stride50,537.699752,102.832537,61.056365
test/downtown_stairs_00/p00/f00400,<private_workspace>/m1/outputs/predictions/sam3db_3dpw_test_stride50,567.084209,120.826309,66.428581
test/downtown_stairs_00/p00/f00450,<private_workspace>/m1/outputs/predictions/sam3db_3dpw_test_stride50,614.177833,105.959237,52.100036
test/downtown_stairs_00/p00/f00500,<private_workspace>/m1/outputs/predictions/sam3db_3dpw_test_stride50,436.679007,96.115837,62.951747
test/downtown_stairs_00/p00/f00550,<private_workspace>/m1/outputs/predictions/sam3db_3dpw_test_stride50,389.985650,131.222030,68.811321
test/downtown_stairs_00/p00/f00600,<private_workspace>/m1/outputs/predictions/sam3db_3dpw_test_stride50,424.647789,137.021797,68.943835
test/downtown_stairs_00/p00/f00650,<private_workspace>/m1/outputs/predictions/sam3db_3dpw_test_stride50,560.637674,131.012112,72.910313
test/downtown_stairs_00/p00/f00700,<private_workspace>/m1/outputs/predictions/sam3db_3dpw_test_stride50,451.067359,119.435196,64.697818
test/downtown_stairs_00/p00/f00750,<private_workspace>/m1/outputs/predictions/sam3db_3dpw_test_stride50,363.310332,81.546696,51.431681
test/downtown_stairs_00/p00/f00800,<private_workspace>/m1/outputs/predictions/sam3db_3dpw_test_stride50,403.273885,114.615367,68.160026
test/downtown_stairs_00/p00/f00850,<private_workspace>/m1/outputs/predictions/sam3db_3dpw_test_stride50,550.957917,92.553792,50.517060
test/downtown_stairs_00/p00/f00900,<private_workspace>/m1/outputs/predictions/sam3db_3dpw_test_stride50,483.938999,109.569257,57.451763
test/downtown_stairs_00/p00/f00950,<private_workspace>/m1/outputs/predictions/sam3db_3dpw_test_stride50,442.394888,73.313611,35.968821
test/downtown_stairs_00/p00/f01000,<private_workspace>/m1/outputs/predictions/sam3db_3dpw_test_stride50,571.039046,89.079689,40.330872
test/downtown_stairs_00/p00/f01050,<private_workspace>/m1/outputs/predictions/sam3db_3dpw_test_stride50,354.062215,91.801724,44.377794
test/downtown_stairs_00/p00/f01100,<private_workspace>/m1/outputs/predictions/sam3db_3dpw_test_stride50,563.826284,77.218635,34.859805
test/downtown_stairs_00/p00/f01150,<private_workspace>/m1/outputs/predictions/sam3db_3dpw_test_stride50,505.800492,87.105286,37.020446
test/downtown_stairs_00/p00/f01200,<private_workspace>/m1/outputs/predictions/sam3db_3dpw_test_stride50,540.955088,68.458060,33.027200
test/downtown_upstairs_00/p00/f00000,<private_workspace>/m1/outputs/predictions/sam3db_3dpw_test_stride50,400.424478,81.099939,37.725883
test/downtown_upstairs_00/p00/f00050,<private_workspace>/m1/outputs/predictions/sam3db_3dpw_test_stride50,355.999627,74.538357,31.247770
test/downtown_upstairs_00/p00/f00100,<private_workspace>/m1/outputs/predictions/sam3db_3dpw_test_stride50,392.249265,66.517298,31.239660
test/downtown_upstairs_00/p00/f00150,<private_workspace>/m1/outputs/predictions/sam3db_3dpw_test_stride50,392.042519,74.181348,33.722156
test/downtown_upstairs_00/p00/f00200,<private_workspace>/m1/outputs/predictions/sam3db_3dpw_test_stride50,524.278982,79.843991,39.071704
test/downtown_upstairs_00/p00/f00250,<private_workspace>/m1/outputs/predictions/sam3db_3dpw_test_stride50,403.323114,74.945137,38.604411
test/downtown_upstairs_00/p00/f00300,<private_workspace>/m1/outputs/predictions/sam3db_3dpw_test_stride50,679.798014,72.074397,37.645344
test/downtown_upstairs_00/p00/f00350,<private_workspace>/m1/outputs/predictions/sam3db_3dpw_test_stride50,519.241905,80.758774,36.958786
test/downtown_upstairs_00/p00/f00400,<private_workspace>/m1/outputs/predictions/sam3db_3dpw_test_stride50,694.833233,73.712218,43.767525
test/downtown_upstairs_00/p00/f00450,<private_workspace>/m1/outputs/predictions/sam3db_3dpw_test_stride50,729.860080,101.886636,54.812019
test/downtown_upstairs_00/p00/f00500,<private_workspace>/m1/outputs/predictions/sam3db_3dpw_test_stride50,837.894475,75.955279,28.427571
test/downtown_upstairs_00/p00/f00550,<private_workspace>/m1/outputs/predictions/sam3db_3dpw_test_stride50,646.397803,65.196647,25.712393
test/downtown_upstairs_00/p00/f00600,<private_workspace>/m1/outputs/predictions/sam3db_3dpw_test_stride50,600.232968,68.829568,34.354179
test/downtown_upstairs_00/p00/f00650,<private_workspace>/m1/outputs/predictions/sam3db_3dpw_test_stride50,495.009340,63.242278,28.646810
test/downtown_upstairs_00/p00/f00700,<private_workspace>/m1/outputs/predictions/sam3db_3dpw_test_stride50,270.902289,70.608145,28.541422
test/downtown_upstairs_00/p00/f00800,<private_workspace>/m1/outputs/predictions/sam3db_3dpw_test_stride50,401.392341,74.521539,29.841714
test/downtown_walkBridge_01/p00/f00000,<private_workspace>/m1/outputs/predictions/sam3db_3dpw_test_stride50,649.645212,73.316392,39.502073
test/downtown_walkBridge_01/p00/f00050,<private_workspace>/m1/outputs/predictions/sam3db_3dpw_test_stride50,646.135620,75.129967,34.809603
test/downtown_walkBridge_01/p00/f00100,<private_workspace>/m1/outputs/predictions/sam3db_3dpw_test_stride50,352.573166,74.575304,36.122644
test/downtown_walkBridge_01/p00/f00150,<private_workspace>/m1/outputs/predictions/sam3db_3dpw_test_stride50,333.348942,76.399797,36.268522
test/downtown_walkBridge_01/p00/f00200,<private_workspace>/m1/outputs/predictions/sam3db_3dpw_test_stride50,364.583509,74.793838,31.511631
test/downtown_walkBridge_01/p00/f00250,<private_workspace>/m1/outputs/predictions/sam3db_3dpw_test_stride50,302.763584,73.422632,40.012233
test/downtown_walkBridge_01/p00/f00300,<private_workspace>/m1/outputs/predictions/sam3db_3dpw_test_stride50,240.862817,75.111014,28.042676
test/downtown_walkBridge_01/p00/f00350,<private_workspace>/m1/outputs/predictions/sam3db_3dpw_test_stride50,409.818742,79.670167,31.971743
test/downtown_walkBridge_01/p00/f00400,<private_workspace>/m1/outputs/predictions/sam3db_3dpw_test_stride50,314.707130,79.520495,35.983808
test/downtown_walkBridge_01/p00/f00450,<private_workspace>/m1/outputs/predictions/sam3db_3dpw_test_stride50,162.007202,88.089774,35.123561
test/downtown_walkBridge_01/p00/f00500,<private_workspace>/m1/outputs/predictions/sam3db_3dpw_test_stride50,348.881883,79.027556,35.931895
test/downtown_walkBridge_01/p00/f00600,<private_workspace>/m1/outputs/predictions/sam3db_3dpw_test_stride50,330.998714,80.191875,40.830174
test/downtown_walkBridge_01/p00/f00650,<private_workspace>/m1/outputs/predictions/sam3db_3dpw_test_stride50,389.029473,80.028730,27.872393
test/downtown_walkBridge_01/p00/f00700,<private_workspace>/m1/outputs/predictions/sam3db_3dpw_test_stride50,233.532294,72.843274,32.752778
test/downtown_walkBridge_01/p00/f00800,<private_workspace>/m1/outputs/predictions/sam3db_3dpw_test_stride50,245.013225,79.770827,34.948692
test/downtown_walkBridge_01/p00/f00850,<private_workspace>/m1/outputs/predictions/sam3db_3dpw_test_stride50,405.160462,85.124541,35.199848
test/downtown_walkBridge_01/p00/f00900,<private_workspace>/m1/outputs/predictions/sam3db_3dpw_test_stride50,339.899763,80.318330,32.571793
test/downtown_walkBridge_01/p00/f00950,<private_workspace>/m1/outputs/predictions/sam3db_3dpw_test_stride50,444.889136,80.850071,32.722360
test/downtown_walkBridge_01/p00/f01000,<private_workspace>/m1/outputs/predictions/sam3db_3dpw_test_stride50,508.325331,82.794319,38.438043
test/downtown_walkBridge_01/p00/f01050,<private_workspace>/m1/outputs/predictions/sam3db_3dpw_test_stride50,250.250351,72.252823,28.860844
test/downtown_walkBridge_01/p00/f01100,<private_workspace>/m1/outputs/predictions/sam3db_3dpw_test_stride50,462.027536,79.929216,31.014565
test/downtown_walkBridge_01/p00/f01150,<private_workspace>/m1/outputs/predictions/sam3db_3dpw_test_stride50,254.528075,67.881806,35.833747
test/downtown_walkBridge_01/p00/f01200,<private_workspace>/m1/outputs/predictions/sam3db_3dpw_test_stride50,383.836165,78.251020,34.019511
test/downtown_walkBridge_01/p00/f01350,<private_workspace>/m1/outputs/predictions/sam3db_3dpw_test_stride50,239.108979,76.006614,32.189500
test/downtown_walkUphill_00/p00/f00000,<private_workspace>/m1/outputs/predictions/sam3db_3dpw_test_stride50,202.589889,99.377031,40.967398
test/downtown_walkUphill_00/p00/f00050,<private_workspace>/m1/outputs/predictions/sam3db_3dpw_test_stride50,81.448864,100.897408,43.965992
test/downtown_walkUphill_00/p00/f00100,<private_workspace>/m1/outputs/predictions/sam3db_3dpw_test_stride50,257.880703,80.203646,37.082340
test/downtown_walkUphill_00/p00/f00150,<private_workspace>/m1/outputs/predictions/sam3db_3dpw_test_stride50,126.674649,78.654127,35.148899
test/downtown_walkUphill_00/p00/f00200,<private_workspace>/m1/outputs/predictions/sam3db_3dpw_test_stride50,325.027231,73.673128,33.864940
test/downtown_walkUphill_00/p00/f00250,<private_workspace>/m1/outputs/predictions/sam3db_3dpw_test_stride50,305.989525,78.806384,36.907536
test/downtown_walkUphill_00/p00/f00300,<private_workspace>/m1/outputs/predictions/sam3db_3dpw_test_stride50,342.913439,88.280464,45.676610
test/downtown_walkUphill_00/p00/f00350,<private_workspace>/m1/outputs/predictions/sam3db_3dpw_test_stride50,429.939382,85.805637,36.591131
test/downtown_walking_00/p00/f00000,<private_workspace>/m1/outputs/predictions/sam3db_3dpw_test_stride50,289.061388,86.974444,36.300860
test/downtown_walking_00/p00/f00050,<private_workspace>/m1/outputs/predictions/sam3db_3dpw_test_stride50,245.302067,86.166558,33.637330
test/downtown_walking_00/p00/f00100,<private_workspace>/m1/outputs/predictions/sam3db_3dpw_test_stride50,232.045872,80.423006,30.540911
test/downtown_walking_00/p00/f00150,<private_workspace>/m1/outputs/predictions/sam3db_3dpw_test_stride50,263.384797,84.693020,39.546861
test/downtown_walking_00/p00/f00200,<private_workspace>/m1/outputs/predictions/sam3db_3dpw_test_stride50,201.417676,91.164337,40.150201
test/downtown_walking_00/p00/f00250,<private_workspace>/m1/outputs/predictions/sam3db_3dpw_test_stride50,146.419425,87.579246,44.099782
test/downtown_walking_00/p00/f00300,<private_workspace>/m1/outputs/predictions/sam3db_3dpw_test_stride50,169.534728,91.076018,44.031379
test/downtown_walking_00/p00/f00350,<private_workspace>/m1/outputs/predictions/sam3db_3dpw_test_stride50,233.288774,89.412422,43.526899
test/downtown_walking_00/p00/f00400,<private_workspace>/m1/outputs/predictions/sam3db_3dpw_test_stride50,244.968410,118.106318,62.356368
test/downtown_walking_00/p00/f00450,<private_workspace>/m1/outputs/predictions/sam3db_3dpw_test_stride50,191.713274,98.271987,45.330127
test/downtown_walking_00/p00/f00500,<private_workspace>/m1/outputs/predictions/sam3db_3dpw_test_stride50,203.163611,93.887573,42.254993
test/downtown_walking_00/p00/f00550,<private_workspace>/m1/outputs/predictions/sam3db_3dpw_test_stride50,189.463715,97.408174,36.937519
test/downtown_walking_00/p00/f00600,<private_workspace>/m1/outputs/predictions/sam3db_3dpw_test_stride50,187.027920,102.495337,40.934403
test/downtown_walking_00/p00/f00650,<private_workspace>/m1/outputs/predictions/sam3db_3dpw_test_stride50,176.120325,112.764070,45.423949
test/downtown_walking_00/p00/f00700,<private_workspace>/m1/outputs/predictions/sam3db_3dpw_test_stride50,162.706727,117.141945,63.732777
test/downtown_walking_00/p00/f00750,<private_workspace>/m1/outputs/predictions/sam3db_3dpw_test_stride50,194.251092,107.567420,45.690132
test/downtown_walking_00/p00/f00800,<private_workspace>/m1/outputs/predictions/sam3db_3dpw_test_stride50,238.318641,91.488319,35.215308
test/downtown_walking_00/p00/f00850,<private_workspace>/m1/outputs/predictions/sam3db_3dpw_test_stride50,259.770704,110.125906,70.570330
test/downtown_walking_00/p00/f00900,<private_workspace>/m1/outputs/predictions/sam3db_3dpw_test_stride50,285.548954,101.542798,65.283487
test/downtown_walking_00/p00/f00950,<private_workspace>/m1/outputs/predictions/sam3db_3dpw_test_stride50,260.628882,85.435496,39.236002
test/downtown_walking_00/p00/f01000,<private_workspace>/m1/outputs/predictions/sam3db_3dpw_test_stride50,295.677004,85.055593,36.334967
test/downtown_walking_00/p00/f01050,<private_workspace>/m1/outputs/predictions/sam3db_3dpw_test_stride50,418.329893,79.294826,35.646443
test/downtown_walking_00/p00/f01100,<private_workspace>/m1/outputs/predictions/sam3db_3dpw_test_stride50,431.560290,89.503938,52.908203
test/downtown_walking_00/p00/f01150,<private_workspace>/m1/outputs/predictions/sam3db_3dpw_test_stride50,304.113993,87.131694,43.946887
test/downtown_walking_00/p00/f01200,<private_workspace>/m1/outputs/predictions/sam3db_3dpw_test_stride50,298.023496,90.867825,34.586936
test/downtown_walking_00/p00/f01250,<private_workspace>/m1/outputs/predictions/sam3db_3dpw_test_stride50,313.434903,93.475706,40.771606
test/downtown_walking_00/p00/f01300,<private_workspace>/m1/outputs/predictions/sam3db_3dpw_test_stride50,368.415281,90.279179,36.122986
test/downtown_walking_00/p00/f01350,<private_workspace>/m1/outputs/predictions/sam3db_3dpw_test_stride50,310.595992,79.231173,32.639906
test/downtown_walking_00/p01/f00000,<private_workspace>/m1/outputs/predictions/sam3db_3dpw_test_stride50,601.877588,67.134463,35.420975
test/downtown_walking_00/p01/f00050,<private_workspace>/m1/outputs/predictions/sam3db_3dpw_test_stride50,606.433759,68.448146,33.551409
test/downtown_walking_00/p01/f00100,<private_workspace>/m1/outputs/predictions/sam3db_3dpw_test_stride50,524.773393,72.885261,34.506471
test/downtown_walking_00/p01/f00150,<private_workspace>/m1/outputs/predictions/sam3db_3dpw_test_stride50,493.748597,68.019331,29.805450
test/downtown_walking_00/p01/f00200,<private_workspace>/m1/outputs/predictions/sam3db_3dpw_test_stride50,365.494810,71.556042,32.144181
test/downtown_walking_00/p01/f00250,<private_workspace>/m1/outputs/predictions/sam3db_3dpw_test_stride50,313.004022,71.355020,34.258246
test/downtown_walking_00/p01/f00300,<private_workspace>/m1/outputs/predictions/sam3db_3dpw_test_stride50,353.918403,71.346957,27.676007
test/downtown_walking_00/p01/f00350,<private_workspace>/m1/outputs/predictions/sam3db_3dpw_test_stride50,436.780929,72.204106,36.795563
test/downtown_walking_00/p01/f00400,<private_workspace>/m1/outputs/predictions/sam3db_3dpw_test_stride50,450.698884,78.148341,38.884008
test/downtown_walking_00/p01/f00450,<private_workspace>/m1/outputs/predictions/sam3db_3dpw_test_stride50,501.126689,66.208613,33.067552
test/downtown_walking_00/p01/f00500,<private_workspace>/m1/outputs/predictions/sam3db_3dpw_test_stride50,449.311961,69.213148,38.957032
test/downtown_walking_00/p01/f00550,<private_workspace>/m1/outputs/predictions/sam3db_3dpw_test_stride50,449.261988,62.305326,31.581033
test/downtown_walking_00/p01/f00600,<private_workspace>/m1/outputs/predictions/sam3db_3dpw_test_stride50,360.943710,74.612336,49.207415
test/downtown_walking_00/p01/f00650,<private_workspace>/m1/outputs/predictions/sam3db_3dpw_test_stride50,348.317138,63.817657,30.560048
test/downtown_walking_00/p01/f00700,<private_workspace>/m1/outputs/predictions/sam3db_3dpw_test_stride50,361.160141,71.191521,34.214948
test/downtown_walking_00/p01/f00750,<private_workspace>/m1/outputs/predictions/sam3db_3dpw_test_stride50,330.243370,69.912110,36.923888
test/downtown_walking_00/p01/f00800,<private_workspace>/m1/outputs/predictions/sam3db_3dpw_test_stride50,284.058814,87.497889,49.030296
test/downtown_walking_00/p01/f00950,<private_workspace>/m1/outputs/predictions/sam3db_3dpw_test_stride50,320.738462,81.882901,37.657307
test/downtown_walking_00/p01/f01000,<private_workspace>/m1/outputs/predictions/sam3db_3dpw_test_stride50,345.712736,73.552426,35.506803
test/downtown_walking_00/p01/f01050,<private_workspace>/m1/outputs/predictions/sam3db_3dpw_test_stride50,491.411005,91.101785,42.707727
test/downtown_walking_00/p01/f01100,<private_workspace>/m1/outputs/predictions/sam3db_3dpw_test_stride50,414.525192,97.534393,45.683989
test/downtown_walking_00/p01/f01150,<private_workspace>/m1/outputs/predictions/sam3db_3dpw_test_stride50,352.604894,73.871743,47.150319
test/downtown_walking_00/p01/f01250,<private_workspace>/m1/outputs/predictions/sam3db_3dpw_test_stride50,366.253441,92.127593,71.643621
test/downtown_walking_00/p01/f01300,<private_workspace>/m1/outputs/predictions/sam3db_3dpw_test_stride50,528.297024,81.132729,37.048797
test/downtown_walking_00/p01/f01350,<private_workspace>/m1/outputs/predictions/sam3db_3dpw_test_stride50,550.164618,65.595051,36.357853
test/downtown_warmWelcome_00/p00/f00000,<private_workspace>/m1/outputs/predictions/sam3db_3dpw_test_stride50,189.091608,89.844392,43.304698
test/downtown_warmWelcome_00/p00/f00050,<private_workspace>/m1/outputs/predictions/sam3db_3dpw_test_stride50,354.610629,114.333592,49.295176
test/downtown_warmWelcome_00/p00/f00100,<private_workspace>/m1/outputs/predictions/sam3db_3dpw_test_stride50,520.920859,101.371651,41.044256
test/downtown_warmWelcome_00/p00/f00150,<private_workspace>/m1/outputs/predictions/sam3db_3dpw_test_stride50,500.575849,109.608485,47.974639
test/downtown_warmWelcome_00/p00/f00200,<private_workspace>/m1/outputs/predictions/sam3db_3dpw_test_stride50,355.420299,95.284459,36.783886
test/downtown_warmWelcome_00/p00/f00250,<private_workspace>/m1/outputs/predictions/sam3db_3dpw_test_stride50,136.322972,103.970565,47.614921
test/downtown_warmWelcome_00/p00/f00300,<private_workspace>/m1/outputs/predictions/sam3db_3dpw_test_stride50,120.700378,127.830327,63.251437
test/downtown_warmWelcome_00/p00/f00400,<private_workspace>/m1/outputs/predictions/sam3db_3dpw_test_stride50,84.304331,102.593952,38.522680
test/downtown_warmWelcome_00/p00/f00450,<private_workspace>/m1/outputs/predictions/sam3db_3dpw_test_stride50,238.428547,90.165663,40.313654
test/downtown_warmWelcome_00/p00/f00500,<private_workspace>/m1/outputs/predictions/sam3db_3dpw_test_stride50,234.964779,96.941445,38.901727
test/downtown_warmWelcome_00/p00/f00550,<private_workspace>/m1/outputs/predictions/sam3db_3dpw_test_stride50,227.319452,105.833597,47.613173
test/downtown_warmWelcome_00/p01/f00000,<private_workspace>/m1/outputs/predictions/sam3db_3dpw_test_stride50,421.217898,72.835618,39.944070
test/downtown_warmWelcome_00/p01/f00050,<private_workspace>/m1/outputs/predictions/sam3db_3dpw_test_stride50,373.209916,63.439272,41.972432
test/downtown_warmWelcome_00/p01/f00100,<private_workspace>/m1/outputs/predictions/sam3db_3dpw_test_stride50,311.954532,77.386502,33.756728
test/downtown_warmWelcome_00/p01/f00150,<private_workspace>/m1/outputs/predictions/sam3db_3dpw_test_stride50,327.548336,81.901381,36.522022
test/downtown_warmWelcome_00/p01/f00200,<private_workspace>/m1/outputs/predictions/sam3db_3dpw_test_stride50,218.060807,82.389886,36.017016
test/downtown_warmWelcome_00/p01/f00250,<private_workspace>/m1/outputs/predictions/sam3db_3dpw_test_stride50,167.411653,86.829005,53.489894
test/downtown_warmWelcome_00/p01/f00300,<private_workspace>/m1/outputs/predictions/sam3db_3dpw_test_stride50,458.715931,73.011268,37.157421
test/downtown_warmWelcome_00/p01/f00400,<private_workspace>/m1/outputs/predictions/sam3db_3dpw_test_stride50,339.189412,78.844459,34.856645
test/downtown_warmWelcome_00/p01/f00450,<private_workspace>/m1/outputs/predictions/sam3db_3dpw_test_stride50,89.882373,78.421925,44.164845
test/downtown_warmWelcome_00/p01/f00500,<private_workspace>/m1/outputs/predictions/sam3db_3dpw_test_stride50,322.525353,76.734668,38.784518
test/downtown_warmWelcome_00/p01/f00550,<private_workspace>/m1/outputs/predictions/sam3db_3dpw_test_stride50,557.917598,67.967331,41.548796
test/downtown_weeklyMarket_00/p00/f00000,<private_workspace>/m1/outputs/predictions/sam3db_3dpw_test_stride50,419.091271,73.365466,36.118772
test/downtown_weeklyMarket_00/p00/f00050,<private_workspace>/m1/outputs/predictions/sam3db_3dpw_test_stride50,393.256404,79.777225,36.191372
test/downtown_weeklyMarket_00/p00/f00100,<private_workspace>/m1/outputs/predictions/sam3db_3dpw_test_stride50,367.398186,68.444880,28.428887
test/downtown_weeklyMarket_00/p00/f00200,<private_workspace>/m1/outputs/predictions/sam3db_3dpw_test_stride50,410.799643,126.102481,44.432721
test/downtown_weeklyMarket_00/p00/f00250,<private_workspace>/m1/outputs/predictions/sam3db_3dpw_test_stride50,352.845432,77.212355,29.469173
test/downtown_weeklyMarket_00/p00/f00300,<private_workspace>/m1/outputs/predictions/sam3db_3dpw_test_stride50,462.281282,86.864821,31.081761
test/downtown_weeklyMarket_00/p00/f00350,<private_workspace>/m1/outputs/predictions/sam3db_3dpw_test_stride50,671.613662,129.266713,72.105294
test/downtown_weeklyMarket_00/p00/f00450,<private_workspace>/m1/outputs/predictions/sam3db_3dpw_test_stride50,405.707924,82.825190,31.324856
test/downtown_weeklyMarket_00/p00/f00500,<private_workspace>/m1/outputs/predictions/sam3db_3dpw_test_stride50,564.747601,110.527739,52.992099
test/downtown_weeklyMarket_00/p00/f00550,<private_workspace>/m1/outputs/predictions/sam3db_3dpw_test_stride50,200.874480,79.636755,37.716950
test/downtown_weeklyMarket_00/p00/f00600,<private_workspace>/m1/outputs/predictions/sam3db_3dpw_test_stride50,413.058283,80.842136,31.251580
test/downtown_weeklyMarket_00/p00/f00650,<private_workspace>/m1/outputs/predictions/sam3db_3dpw_test_stride50,315.535052,78.758833,31.156430
test/downtown_weeklyMarket_00/p00/f00700,<private_workspace>/m1/outputs/predictions/sam3db_3dpw_test_stride50,414.675886,75.523631,34.996846
test/downtown_weeklyMarket_00/p00/f00750,<private_workspace>/m1/outputs/predictions/sam3db_3dpw_test_stride50,327.929488,82.626718,42.241809
test/downtown_weeklyMarket_00/p00/f00800,<private_workspace>/m1/outputs/predictions/sam3db_3dpw_test_stride50,452.259779,112.322859,44.745981
test/downtown_weeklyMarket_00/p00/f00850,<private_workspace>/m1/outputs/predictions/sam3db_3dpw_test_stride50,596.021592,85.116258,34.487584
test/downtown_weeklyMarket_00/p00/f00900,<private_workspace>/m1/outputs/predictions/sam3db_3dpw_test_stride50,375.538804,72.223787,31.585978
test/downtown_weeklyMarket_00/p00/f00950,<private_workspace>/m1/outputs/predictions/sam3db_3dpw_test_stride50,439.623387,76.916720,30.512763
test/downtown_weeklyMarket_00/p00/f01000,<private_workspace>/m1/outputs/predictions/sam3db_3dpw_test_stride50,469.846576,80.229233,33.726251
test/downtown_weeklyMarket_00/p00/f01050,<private_workspace>/m1/outputs/predictions/sam3db_3dpw_test_stride50,404.540421,76.288691,36.006427
test/downtown_weeklyMarket_00/p00/f01150,<private_workspace>/m1/outputs/predictions/sam3db_3dpw_test_stride50,344.982932,73.410889,33.347814
test/downtown_windowShopping_00/p00/f00000,<private_workspace>/m1/outputs/predictions/sam3db_3dpw_test_stride50,422.728313,79.951505,38.133084
test/downtown_windowShopping_00/p00/f00050,<private_workspace>/m1/outputs/predictions/sam3db_3dpw_test_stride50,406.606504,67.546305,30.206920
test/downtown_windowShopping_00/p00/f00100,<private_workspace>/m1/outputs/predictions/sam3db_3dpw_test_stride50,485.141560,78.368323,29.409005
test/downtown_windowShopping_00/p00/f00150,<private_workspace>/m1/outputs/predictions/sam3db_3dpw_test_stride50,623.336725,104.099785,42.318632
test/downtown_windowShopping_00/p00/f00200,<private_workspace>/m1/outputs/predictions/sam3db_3dpw_test_stride50,603.636289,120.797737,56.772048
test/downtown_windowShopping_00/p00/f00250,<private_workspace>/m1/outputs/predictions/sam3db_3dpw_test_stride50,428.613008,103.650012,51.809164
test/downtown_windowShopping_00/p00/f00300,<private_workspace>/m1/outputs/predictions/sam3db_3dpw_test_stride50,318.915599,136.772299,81.952462
test/downtown_windowShopping_00/p00/f00350,<private_workspace>/m1/outputs/predictions/sam3db_3dpw_test_stride50,442.416819,71.049124,32.636357
test/downtown_windowShopping_00/p00/f00400,<private_workspace>/m1/outputs/predictions/sam3db_3dpw_test_stride50,376.398876,75.780022,34.786453
test/downtown_windowShopping_00/p00/f00450,<private_workspace>/m1/outputs/predictions/sam3db_3dpw_test_stride50,276.547614,70.912126,28.411905
test/downtown_windowShopping_00/p00/f00500,<private_workspace>/m1/outputs/predictions/sam3db_3dpw_test_stride50,311.167935,70.964297,32.243001
test/downtown_windowShopping_00/p00/f00550,<private_workspace>/m1/outputs/predictions/sam3db_3dpw_test_stride50,292.222863,69.563679,30.675506
test/downtown_windowShopping_00/p00/f00600,<private_workspace>/m1/outputs/predictions/sam3db_3dpw_test_stride50,246.054635,81.535205,41.259205
test/downtown_windowShopping_00/p00/f00650,<private_workspace>/m1/outputs/predictions/sam3db_3dpw_test_stride50,300.959610,81.789570,32.258407
test/downtown_windowShopping_00/p00/f00700,<private_workspace>/m1/outputs/predictions/sam3db_3dpw_test_stride50,313.784103,78.305610,37.538963
test/downtown_windowShopping_00/p00/f00850,<private_workspace>/m1/outputs/predictions/sam3db_3dpw_test_stride50,322.787844,84.710212,37.076366
test/downtown_windowShopping_00/p00/f00950,<private_workspace>/m1/outputs/predictions/sam3db_3dpw_test_stride50,184.160272,69.781260,34.625045
test/downtown_windowShopping_00/p00/f01000,<private_workspace>/m1/outputs/predictions/sam3db_3dpw_test_stride50,326.406496,68.753899,31.946912
test/downtown_windowShopping_00/p00/f01050,<private_workspace>/m1/outputs/predictions/sam3db_3dpw_test_stride50,395.203236,68.484088,27.765846
test/downtown_windowShopping_00/p00/f01100,<private_workspace>/m1/outputs/predictions/sam3db_3dpw_test_stride50,405.820324,73.164182,33.630480
test/downtown_windowShopping_00/p00/f01150,<private_workspace>/m1/outputs/predictions/sam3db_3dpw_test_stride50,313.302433,75.190483,29.835099
test/downtown_windowShopping_00/p00/f01200,<private_workspace>/m1/outputs/predictions/sam3db_3dpw_test_stride50,282.077998,66.909612,29.766680
test/downtown_windowShopping_00/p00/f01250,<private_workspace>/m1/outputs/predictions/sam3db_3dpw_test_stride50,532.157032,75.615426,33.527928
test/downtown_windowShopping_00/p00/f01300,<private_workspace>/m1/outputs/predictions/sam3db_3dpw_test_stride50,531.467472,89.650495,34.463983
test/downtown_windowShopping_00/p00/f01350,<private_workspace>/m1/outputs/predictions/sam3db_3dpw_test_stride50,423.067839,91.538181,48.560917
test/downtown_windowShopping_00/p00/f01400,<private_workspace>/m1/outputs/predictions/sam3db_3dpw_test_stride50,450.541337,79.056747,31.930842
test/downtown_windowShopping_00/p00/f01450,<private_workspace>/m1/outputs/predictions/sam3db_3dpw_test_stride50,326.364255,83.276163,31.783307
test/downtown_windowShopping_00/p00/f01500,<private_workspace>/m1/outputs/predictions/sam3db_3dpw_test_stride50,320.881176,70.255335,34.130949
test/downtown_windowShopping_00/p00/f01550,<private_workspace>/m1/outputs/predictions/sam3db_3dpw_test_stride50,343.834120,72.287852,31.688818
test/downtown_windowShopping_00/p00/f01600,<private_workspace>/m1/outputs/predictions/sam3db_3dpw_test_stride50,290.440791,67.901575,29.310966
test/downtown_windowShopping_00/p00/f01650,<private_workspace>/m1/outputs/predictions/sam3db_3dpw_test_stride50,257.001206,80.967175,37.355553
test/downtown_windowShopping_00/p00/f01700,<private_workspace>/m1/outputs/predictions/sam3db_3dpw_test_stride50,339.094563,87.495144,37.134335
test/downtown_windowShopping_00/p00/f01750,<private_workspace>/m1/outputs/predictions/sam3db_3dpw_test_stride50,307.758814,77.492695,32.287116
test/downtown_windowShopping_00/p00/f01850,<private_workspace>/m1/outputs/predictions/sam3db_3dpw_test_stride50,441.315664,77.954170,37.202766
test/downtown_windowShopping_00/p00/f01900,<private_workspace>/m1/outputs/predictions/sam3db_3dpw_test_stride50,391.562408,66.630719,26.252539
test/flat_guitar_01/p00/f00000,<private_workspace>/m1/outputs/predictions/sam3db_3dpw_test_stride50,399.237360,81.534835,39.001083
test/flat_guitar_01/p00/f00050,<private_workspace>/m1/outputs/predictions/sam3db_3dpw_test_stride50,478.361936,77.113532,55.663893
test/flat_guitar_01/p00/f00100,<private_workspace>/m1/outputs/predictions/sam3db_3dpw_test_stride50,343.465875,139.606175,50.694868
test/flat_guitar_01/p00/f00150,<private_workspace>/m1/outputs/predictions/sam3db_3dpw_test_stride50,358.118453,117.955213,52.209044
test/flat_guitar_01/p00/f00200,<private_workspace>/m1/outputs/predictions/sam3db_3dpw_test_stride50,388.565859,115.585516,54.827478
test/flat_guitar_01/p00/f00250,<private_workspace>/m1/outputs/predictions/sam3db_3dpw_test_stride50,355.143425,119.690521,52.024750
test/flat_guitar_01/p00/f00300,<private_workspace>/m1/outputs/predictions/sam3db_3dpw_test_stride50,326.402850,111.385924,45.724956
test/flat_guitar_01/p00/f00350,<private_workspace>/m1/outputs/predictions/sam3db_3dpw_test_stride50,327.987594,124.885831,45.486027
test/flat_guitar_01/p00/f00400,<private_workspace>/m1/outputs/predictions/sam3db_3dpw_test_stride50,316.841482,117.564539,49.443147
test/flat_guitar_01/p00/f00450,<private_workspace>/m1/outputs/predictions/sam3db_3dpw_test_stride50,334.913961,114.815656,48.410817
test/flat_guitar_01/p00/f00500,<private_workspace>/m1/outputs/predictions/sam3db_3dpw_test_stride50,322.051643,119.672765,47.444670
test/flat_guitar_01/p00/f00550,<private_workspace>/m1/outputs/predictions/sam3db_3dpw_test_stride50,279.632441,111.361467,43.137064
test/flat_guitar_01/p00/f00600,<private_workspace>/m1/outputs/predictions/sam3db_3dpw_test_stride50,353.065585,123.196962,50.451776
test/flat_guitar_01/p00/f00650,<private_workspace>/m1/outputs/predictions/sam3db_3dpw_test_stride50,425.408299,114.884083,44.970899
test/flat_guitar_01/p00/f00700,<private_workspace>/m1/outputs/predictions/sam3db_3dpw_test_stride50,390.292402,76.769470,35.411530
test/flat_packBags_00/p00/f00000,<private_workspace>/m1/outputs/predictions/sam3db_3dpw_test_stride50,319.533721,85.071309,44.929154
test/flat_packBags_00/p00/f00050,<private_workspace>/m1/outputs/predictions/sam3db_3dpw_test_stride50,303.540107,88.007173,42.364378
test/flat_packBags_00/p00/f00100,<private_workspace>/m1/outputs/predictions/sam3db_3dpw_test_stride50,207.801384,90.967562,52.745339
test/flat_packBags_00/p00/f00150,<private_workspace>/m1/outputs/predictions/sam3db_3dpw_test_stride50,174.881708,92.625861,47.955971
test/flat_packBags_00/p00/f00200,<private_workspace>/m1/outputs/predictions/sam3db_3dpw_test_stride50,305.755395,94.608914,45.075167
test/flat_packBags_00/p00/f00250,<private_workspace>/m1/outputs/predictions/sam3db_3dpw_test_stride50,561.186296,135.229798,68.136210
test/flat_packBags_00/p00/f00300,<private_workspace>/m1/outputs/predictions/sam3db_3dpw_test_stride50,335.502208,87.542465,34.951235
test/flat_packBags_00/p00/f00350,<private_workspace>/m1/outputs/predictions/sam3db_3dpw_test_stride50,233.575518,90.606001,44.513394
test/flat_packBags_00/p00/f00400,<private_workspace>/m1/outputs/predictions/sam3db_3dpw_test_stride50,462.384189,122.492900,50.900659
test/flat_packBags_00/p00/f00450,<private_workspace>/m1/outputs/predictions/sam3db_3dpw_test_stride50,394.887408,84.602137,48.467486
test/flat_packBags_00/p00/f00500,<private_workspace>/m1/outputs/predictions/sam3db_3dpw_test_stride50,247.335364,101.619712,48.900933
test/flat_packBags_00/p00/f00550,<private_workspace>/m1/outputs/predictions/sam3db_3dpw_test_stride50,188.738242,93.558723,43.835245
test/flat_packBags_00/p00/f00600,<private_workspace>/m1/outputs/predictions/sam3db_3dpw_test_stride50,363.042642,124.668645,56.619184
test/flat_packBags_00/p00/f00650,<private_workspace>/m1/outputs/predictions/sam3db_3dpw_test_stride50,365.474160,96.032297,58.161844
test/flat_packBags_00/p00/f00700,<private_workspace>/m1/outputs/predictions/sam3db_3dpw_test_stride50,198.811871,99.933145,46.076672
test/flat_packBags_00/p00/f00750,<private_workspace>/m1/outputs/predictions/sam3db_3dpw_test_stride50,243.049706,88.116029,41.078115
test/flat_packBags_00/p00/f00800,<private_workspace>/m1/outputs/predictions/sam3db_3dpw_test_stride50,496.895066,107.688448,48.481059
test/flat_packBags_00/p00/f00850,<private_workspace>/m1/outputs/predictions/sam3db_3dpw_test_stride50,277.680968,92.401633,50.901972
test/flat_packBags_00/p00/f00900,<private_workspace>/m1/outputs/predictions/sam3db_3dpw_test_stride50,154.618546,94.553379,44.532392
test/flat_packBags_00/p00/f00950,<private_workspace>/m1/outputs/predictions/sam3db_3dpw_test_stride50,389.731170,116.475939,51.834590
test/flat_packBags_00/p00/f01000,<private_workspace>/m1/outputs/predictions/sam3db_3dpw_test_stride50,413.926584,109.914135,53.077336
test/flat_packBags_00/p00/f01050,<private_workspace>/m1/outputs/predictions/sam3db_3dpw_test_stride50,388.141978,108.455517,48.257711
test/flat_packBags_00/p00/f01100,<private_workspace>/m1/outputs/predictions/sam3db_3dpw_test_stride50,457.383275,116.959311,55.684579
test/flat_packBags_00/p00/f01150,<private_workspace>/m1/outputs/predictions/sam3db_3dpw_test_stride50,364.396157,108.532871,46.566045
test/flat_packBags_00/p00/f01200,<private_workspace>/m1/outputs/predictions/sam3db_3dpw_test_stride50,302.067423,90.561481,44.115283
test/flat_packBags_00/p00/f01250,<private_workspace>/m1/outputs/predictions/sam3db_3dpw_test_stride50,259.472860,89.842228,41.930375
test/office_phoneCall_00/p00/f00000,<private_workspace>/m1/outputs/predictions/sam3db_3dpw_test_stride50,286.890746,74.208712,34.642600
test/office_phoneCall_00/p00/f00050,<private_workspace>/m1/outputs/predictions/sam3db_3dpw_test_stride50,326.391461,82.701718,35.843114
test/office_phoneCall_00/p00/f00100,<private_workspace>/m1/outputs/predictions/sam3db_3dpw_test_stride50,486.464157,86.463647,37.154846
test/office_phoneCall_00/p00/f00150,<private_workspace>/m1/outputs/predictions/sam3db_3dpw_test_stride50,335.572588,78.168223,33.045092
test/office_phoneCall_00/p00/f00200,<private_workspace>/m1/outputs/predictions/sam3db_3dpw_test_stride50,310.068775,86.930566,39.792990
test/office_phoneCall_00/p00/f00250,<private_workspace>/m1/outputs/predictions/sam3db_3dpw_test_stride50,333.351585,91.188937,51.424211
test/office_phoneCall_00/p00/f00300,<private_workspace>/m1/outputs/predictions/sam3db_3dpw_test_stride50,410.342567,72.635668,27.245137
test/office_phoneCall_00/p00/f00350,<private_workspace>/m1/outputs/predictions/sam3db_3dpw_test_stride50,454.448616,85.944706,34.234324
test/office_phoneCall_00/p00/f00400,<private_workspace>/m1/outputs/predictions/sam3db_3dpw_test_stride50,296.886467,74.387639,28.113467
test/office_phoneCall_00/p00/f00450,<private_workspace>/m1/outputs/predictions/sam3db_3dpw_test_stride50,362.776976,87.044079,39.769996
test/office_phoneCall_00/p00/f00500,<private_workspace>/m1/outputs/predictions/sam3db_3dpw_test_stride50,322.174770,103.178891,62.496495
test/office_phoneCall_00/p00/f00550,<private_workspace>/m1/outputs/predictions/sam3db_3dpw_test_stride50,298.167281,101.652378,56.322051
test/office_phoneCall_00/p00/f00600,<private_workspace>/m1/outputs/predictions/sam3db_3dpw_test_stride50,218.933754,116.213224,65.563845
test/office_phoneCall_00/p00/f00650,<private_workspace>/m1/outputs/predictions/sam3db_3dpw_test_stride50,287.824954,79.546332,34.375096
test/office_phoneCall_00/p00/f00700,<private_workspace>/m1/outputs/predictions/sam3db_3dpw_test_stride50,254.605758,97.182691,43.168223
test/office_phoneCall_00/p00/f00750,<private_workspace>/m1/outputs/predictions/sam3db_3dpw_test_stride50,249.849224,93.641496,34.949827
test/office_phoneCall_00/p00/f00800,<private_workspace>/m1/outputs/predictions/sam3db_3dpw_test_stride50,212.569661,83.793254,33.993112
test/office_phoneCall_00/p00/f00850,<private_workspace>/m1/outputs/predictions/sam3db_3dpw_test_stride50,306.398969,81.160477,38.140910
test/office_phoneCall_00/p01/f00000,<private_workspace>/m1/outputs/predictions/sam3db_3dpw_test_stride50,230.747727,90.644772,36.386897
test/office_phoneCall_00/p01/f00050,<private_workspace>/m1/outputs/predictions/sam3db_3dpw_test_stride50,223.635674,85.001424,32.921833
test/office_phoneCall_00/p01/f00100,<private_workspace>/m1/outputs/predictions/sam3db_3dpw_test_stride50,285.794909,81.134371,34.782644
test/office_phoneCall_00/p01/f00150,<private_workspace>/m1/outputs/predictions/sam3db_3dpw_test_stride50,239.370826,95.673148,35.774529
test/office_phoneCall_00/p01/f00200,<private_workspace>/m1/outputs/predictions/sam3db_3dpw_test_stride50,213.802343,97.726115,37.891742
test/office_phoneCall_00/p01/f00350,<private_workspace>/m1/outputs/predictions/sam3db_3dpw_test_stride50,310.741311,91.658022,41.915650
test/office_phoneCall_00/p01/f00400,<private_workspace>/m1/outputs/predictions/sam3db_3dpw_test_stride50,227.896639,89.593819,36.065341
test/office_phoneCall_00/p01/f00450,<private_workspace>/m1/outputs/predictions/sam3db_3dpw_test_stride50,197.921164,87.092493,38.167632
test/office_phoneCall_00/p01/f00500,<private_workspace>/m1/outputs/predictions/sam3db_3dpw_test_stride50,176.498991,91.518451,38.368398
test/office_phoneCall_00/p01/f00550,<private_workspace>/m1/outputs/predictions/sam3db_3dpw_test_stride50,179.983674,87.300753,34.204568
test/office_phoneCall_00/p01/f00600,<private_workspace>/m1/outputs/predictions/sam3db_3dpw_test_stride50,192.462268,94.527727,46.344170
test/office_phoneCall_00/p01/f00650,<private_workspace>/m1/outputs/predictions/sam3db_3dpw_test_stride50,202.522941,90.130612,44.338453
test/office_phoneCall_00/p01/f00700,<private_workspace>/m1/outputs/predictions/sam3db_3dpw_test_stride50,199.979798,83.375461,31.451135
test/office_phoneCall_00/p01/f00750,<private_workspace>/m1/outputs/predictions/sam3db_3dpw_test_stride50,277.545845,94.523990,36.359261
test/office_phoneCall_00/p01/f00800,<private_workspace>/m1/outputs/predictions/sam3db_3dpw_test_stride50,144.907880,94.788354,32.725154
test/office_phoneCall_00/p01/f00850,<private_workspace>/m1/outputs/predictions/sam3db_3dpw_test_stride50,224.411308,107.737963,37.539278
test/outdoors_fencing_01/p00/f00000,<private_workspace>/m1/outputs/predictions/sam3db_3dpw_test_stride50,479.370680,100.786881,47.899799
test/outdoors_fencing_01/p00/f00050,<private_workspace>/m1/outputs/predictions/sam3db_3dpw_test_stride50,305.235494,87.831290,40.506618
test/outdoors_fencing_01/p00/f00100,<private_workspace>/m1/outputs/predictions/sam3db_3dpw_test_stride50,622.791790,89.461158,37.068471
test/outdoors_fencing_01/p00/f00150,<private_workspace>/m1/outputs/predictions/sam3db_3dpw_test_stride50,348.044892,118.612936,56.336690
test/outdoors_fencing_01/p00/f00200,<private_workspace>/m1/outputs/predictions/sam3db_3dpw_test_stride50,373.488465,113.380104,62.892487
test/outdoors_fencing_01/p00/f00250,<private_workspace>/m1/outputs/predictions/sam3db_3dpw_test_stride50,406.769467,112.212880,62.813164
test/outdoors_fencing_01/p00/f00300,<private_workspace>/m1/outputs/predictions/sam3db_3dpw_test_stride50,489.581917,95.351639,41.913448
test/outdoors_fencing_01/p00/f00350,<private_workspace>/m1/outputs/predictions/sam3db_3dpw_test_stride50,479.491064,106.940476,51.762855
test/outdoors_fencing_01/p00/f00400,<private_workspace>/m1/outputs/predictions/sam3db_3dpw_test_stride50,227.865983,117.341983,82.333331
test/outdoors_fencing_01/p00/f00450,<private_workspace>/m1/outputs/predictions/sam3db_3dpw_test_stride50,241.217326,72.279323,37.741695
test/outdoors_fencing_01/p00/f00500,<private_workspace>/m1/outputs/predictions/sam3db_3dpw_test_stride50,142.371199,102.037421,56.486675
test/outdoors_fencing_01/p00/f00600,<private_workspace>/m1/outputs/predictions/sam3db_3dpw_test_stride50,208.144280,90.861342,42.451459
test/outdoors_fencing_01/p00/f00650,<private_workspace>/m1/outputs/predictions/sam3db_3dpw_test_stride50,318.220841,113.732533,60.537358
test/outdoors_fencing_01/p00/f00700,<private_workspace>/m1/outputs/predictions/sam3db_3dpw_test_stride50,236.822273,88.301878,40.354631
test/outdoors_fencing_01/p00/f00750,<private_workspace>/m1/outputs/predictions/sam3db_3dpw_test_stride50,104.368027,86.625503,43.570619
test/outdoors_fencing_01/p00/f00800,<private_workspace>/m1/outputs/predictions/sam3db_3dpw_test_stride50,359.202570,81.774840,44.479235
test/outdoors_fencing_01/p00/f00850,<private_workspace>/m1/outputs/predictions/sam3db_3dpw_test_stride50,427.774305,102.047759,39.107955
test/outdoors_fencing_01/p00/f00900,<private_workspace>/m1/outputs/predictions/sam3db_3dpw_test_stride50,346.507859,80.237766,36.788611
